Movie_Title,Movie_Links,shit,fuck,damn,bitch,asshole,ass,dick,pussy,cock,bastard,douche,total_words
10 Things I Hate About You,/10-Things-I-Hate-About-You.html,8,2,3,5,3,7,2,1,0,0,0,19152
12,/12.html,1,0,1,0,1,0,0,1,0,2,0,14144
12 and Holding,/12-and-Holding.html,10,4,3,1,5,4,0,7,0,1,0,18999
12 Monkeys,/12-Monkeys.html,4,5,2,2,1,3,0,1,0,2,0,32272
12 Years a Slave,/12-Years-a-Slave.html,0,0,12,1,0,0,0,0,0,3,0,31014
127 Hours,/127-Hours.html,10,10,1,0,0,3,0,0,0,0,0,18959
15 Minutes,/15-Minutes.html,15,1,1,0,2,1,0,0,0,3,0,26049
17 Again,/17-Again.html,1,0,1,1,0,0,1,0,0,2,0,19103
187,/187.html,20,16,11,11,3,7,0,1,0,2,0,26364
2012,/2012.html,6,0,5,0,0,4,0,0,0,4,0,26650
30 Minutes or Less,/30-Minutes-or-Less.html,61,92,5,10,9,6,4,4,3,0,0,24500
42,/42.html,3,0,4,2,0,1,0,0,0,2,0,28607
44 Inch Chest,/44-Inch-Chest.html,6,34,0,4,0,0,0,0,4,6,0,21746
48 Hrs.,/48-Hrs..html,29,13,7,7,9,22,1,3,1,3,0,21550
50-50,/50-50.html,12,14,2,2,1,3,1,3,0,0,1,22069
500 Days of Summer,/500-Days-of-Summer.html,20,2,3,3,1,3,0,1,1,0,16,18698
8MM,/8MM.html,6,23,0,1,0,2,0,2,0,0,0,32332
9,/9.html,0,0,0,0,0,0,0,0,0,0,0,17521
A Few Good Men,/A-Few-Good-Men.html,12,5,7,0,1,4,0,0,0,1,0,28546
A Most Violent Year,/A-Most-Violent-Year.html,7,12,1,0,0,1,0,1,0,0,0,27272
A Scanner Darkly,/A-Scanner-Darkly.html,25,44,1,0,1,3,1,0,1,3,0,28460
A Serious Man,/A-Serious-Man.html,5,1,0,0,3,1,6,0,0,1,0,22459
Above the Law,/Above-the-Law.html,5,11,1,0,3,11,1,2,0,2,0,28233
Absolute Power,/Absolute-Power.html,9,3,4,1,4,1,0,0,0,3,0,25497
"Abyss, The","/Abyss,-The.html",12,1,4,9,0,5,1,1,0,0,0,32277
Adaptation,/Adaptation.html,11,16,3,1,2,5,0,0,0,0,0,26438
"Addams Family, The","/Addams-Family,-The.html",0,0,2,0,0,0,0,0,0,0,0,8670
"Adjustment Bureau, The","/Adjustment-Bureau,-The.html",6,2,0,1,0,2,1,1,0,2,0,25433
"Adventures of Buckaroo Banzai Across the Eighth Dimension, The","/Adventures-of-Buckaroo-Banzai-Across-the-Eighth-Dimension,-The.html",6,0,13,0,1,2,0,0,0,0,0,25903
Affliction,/Affliction.html,17,18,4,0,5,3,0,0,0,4,0,16881
After School Special,/After-School-Special.html,14,1,1,0,4,4,3,2,0,1,0,23453
After.Life,/After.Life.html,6,9,0,1,0,0,0,0,0,0,0,22177
Agnes of God,/Agnes-of-God.html,0,0,1,1,0,0,0,0,0,0,0,14493
Air Force One,/Air-Force-One.html,8,7,1,1,4,2,0,0,0,2,0,27003
Airplane,/Airplane.html,4,0,2,0,1,1,0,0,0,1,0,19650
Aladdin,/Aladdin.html,0,0,0,0,0,0,0,0,0,0,0,17926
Ali,/Ali.html,1,5,4,0,0,3,8,0,0,0,0,33431
Alien,/Alien.html,4,0,8,0,0,0,0,0,0,2,0,22776
Alien 3,/Alien-3.html,6,1,2,0,0,2,0,0,0,3,0,22187
Alien Nation,/Alien-Nation.html,17,2,5,5,2,6,1,0,0,0,0,26090
Alien vs. Predator,/Alien-vs.-Predator.html,16,3,2,0,0,3,1,0,0,1,0,29649
Aliens,/Aliens.html,10,11,1,3,1,2,0,0,0,1,0,28743
All About Eve,/All-About-Eve.html,0,0,1,0,0,0,0,0,0,0,0,30500
All About Steve,/All-About-Steve.html,1,0,2,1,7,1,0,0,0,1,0,23620
All the King's Men,/All-the-King's-Men.html,0,0,0,0,0,0,0,0,0,0,0,23469
All the President's Men,/All-the-President's-Men.html,9,11,1,1,0,1,1,0,0,2,0,25148
Almost Famous,/Almost-Famous.html,3,10,4,0,2,3,100,0,0,0,0,36396
Alone in the Dark,/Alone-in-the-Dark.html,1,1,1,0,2,1,0,0,0,0,0,24987
Amadeus,/Amadeus.html,6,2,3,0,0,0,0,0,0,0,0,36645
Amelia,/Amelia.html,1,0,4,0,1,3,0,0,0,0,0,27090
American Beauty,/American-Beauty.html,10,13,2,2,4,1,6,2,0,1,0,21334
American Gangster,/American-Gangster.html,6,31,1,1,0,3,0,0,0,0,0,31545
American Graffiti,/American-Graffiti.html,10,0,5,1,1,6,1,0,0,0,0,28091
American History X,/American-History-X.html,50,38,3,10,9,16,6,7,0,1,0,20868
American Hustle,/American-Hustle.html,18,23,2,5,0,4,10,0,0,0,0,32053
American Madness,/American-Madness.html,0,0,0,0,0,0,0,0,0,0,0,24822
American Milkshake,/American-Milkshake.html,22,10,9,0,4,6,2,0,0,0,0,18064
American Outlaws,/American-Outlaws.html,2,0,10,0,0,1,0,0,0,2,0,21763
American Pie,/American-Pie.html,26,16,9,0,2,4,0,1,0,0,0,21482
"American President, The","/American-President,-The.html",5,3,9,0,0,6,0,0,0,0,0,27167
American Psycho,/American-Psycho.html,5,7,0,10,5,3,0,1,0,8,0,21294
American Sniper,/American-Sniper.html,26,29,3,1,1,20,3,0,0,1,0,23830
American Splendor,/American-Splendor.html,14,0,7,1,2,4,0,0,0,1,0,20210
American Werewolf in London,/American-Werewolf-in-London.html,6,5,1,0,2,2,0,0,0,0,0,16977
"American, The","/American,-The.html",6,3,1,0,0,0,1,0,0,0,0,24104
"Amityville Asylum, The","/Amityville-Asylum,-The.html",9,14,2,4,0,0,0,1,1,0,0,17991
Amour,/Amour.html,0,1,0,0,0,0,0,0,0,0,0,14391
An Education,/An-Education.html,0,0,0,0,0,1,0,0,0,1,0,23256
Analyze That,/Analyze-That.html,20,14,1,3,7,1,0,5,1,0,0,22828
Analyze This,/Analyze-This.html,14,15,2,2,2,6,1,0,0,4,0,23765
Anastasia,/Anastasia.html,0,0,0,0,0,0,0,0,0,0,0,21265
Angel Eyes,/Angel-Eyes.html,9,0,8,3,2,7,0,0,0,2,0,28212
Angels & Demons,/Angels-&-Demons.html,1,0,5,0,0,1,0,0,0,2,0,30054
Anna Karenina,/Anna-Karenina.html,0,0,2,0,0,0,0,0,0,0,0,28583
Annie Hall,/Annie-Hall.html,0,0,0,0,1,1,4,0,0,0,0,28560
"Anniversary Party, The","/Anniversary-Party,-The.html",15,26,7,3,1,2,0,0,0,1,0,17487
Anonymous,/Anonymous.html,0,0,1,0,0,1,0,0,1,1,0,27996
Antitrust,/Antitrust.html,4,0,2,0,0,2,0,0,0,0,0,26022
Antz,/Antz.html,0,0,2,0,0,1,0,0,0,0,0,18345
"Apartment, The","/Apartment,-The.html",0,0,2,0,0,0,0,0,0,0,0,30893
Apocalypse Now,/Apocalypse-Now.html,14,5,11,8,4,1,0,0,0,0,0,30121
April Fool's Day,/April-Fool's-Day.html,12,13,0,0,2,3,0,0,0,1,0,21396
Apt Pupil,/Apt-Pupil.html,4,22,2,1,0,0,95,0,0,1,0,30395
Arbitrage,/Arbitrage.html,2,22,1,1,0,3,0,0,0,0,0,18864
Arcade,/Arcade.html,14,7,0,2,0,1,1,0,0,1,0,22926
Arctic Blue,/Arctic-Blue.html,13,10,11,1,1,6,0,0,1,3,0,27560
Argo,/Argo.html,2,11,1,0,0,1,1,0,0,0,0,24189
Armageddon,/Armageddon.html,12,2,2,3,0,15,1,1,0,1,0,28440
Army of Darkness,/Army-of-Darkness.html,1,0,6,1,0,1,0,0,0,0,0,16184
Arsenic and Old Lace,/Arsenic-and-Old-Lace.html,0,0,0,0,0,0,0,0,0,0,0,33407
Arthur,/Arthur.html,12,5,1,2,0,4,0,0,0,1,0,22411
"Artist, The","/Artist,-The.html",0,0,0,0,0,1,0,0,0,0,0,15321
As Good As It Gets,/As-Good-As-It-Gets.html,3,2,2,3,0,4,0,0,0,1,0,21638
Assassins,/Assassins.html,25,21,2,5,0,5,0,1,0,0,0,23561
"Assignment, The","/Assignment,-The.html",17,18,1,7,5,5,0,5,0,2,0,33690
At First Sight,/At-First-Sight.html,4,1,3,0,0,0,0,0,0,0,0,27557
Austin Powers - International Man of Mystery,/Austin-Powers---International-Man-of-Mystery.html,1,0,2,0,0,2,0,1,0,1,0,19996
Austin Powers - The Spy Who Shagged Me,/Austin-Powers---The-Spy-Who-Shagged-Me.html,4,0,1,1,0,14,1,0,0,59,0,17982
Authors Anonymous,/Authors-Anonymous.html,3,0,2,0,0,1,0,1,0,1,0,21745
Autumn in New York,/Autumn-in-New-York.html,4,1,8,2,1,3,0,0,0,0,0,24333
Avatar,/Avatar.html,13,0,8,8,1,9,0,1,1,0,0,35757
"Avengers, The","/Avengers,-The.html",0,0,2,0,0,0,0,0,0,1,0,23541
"Avengers, The (2012)","/Avengers,-The-(2012).html",11,4,3,1,0,6,0,0,0,0,0,24891
"Avventura, L' (The Adventure)","/Avventura,-L'-(The-Adventure).html",0,0,0,0,0,0,0,0,0,0,0,30415
Awakenings,/Awakenings.html,0,0,0,0,0,0,1,0,0,0,0,32071
Babel,/Babel.html,4,9,7,1,4,3,0,1,0,0,0,27169
Bachelor Party,/Bachelor-Party.html,21,2,2,1,5,6,4,0,0,0,0,22948
"Bachelor Party, The","/Bachelor-Party,-The.html",0,0,0,0,0,0,0,0,0,0,0,26622
Back to the Future,/Back-to-the-Future.html,0,0,0,0,0,0,0,0,0,0,0,23
Back to the Future II & III,/Back-to-the-Future-II-&-III.html,0,0,0,0,0,0,0,0,0,0,0,24
"Back-up Plan, The","/Back-up-Plan,-The.html",9,9,2,2,1,15,0,0,0,0,0,21320
Backdraft,/Backdraft.html,17,9,5,13,3,10,0,2,0,1,0,27934
Bad Boys,/Bad-Boys.html,29,27,5,1,3,17,8,3,0,0,0,27096
Bad Country,/Bad-Country.html,19,43,10,1,0,7,1,0,0,0,0,23423
Bad Day at Black Rock,/Bad-Day-at-Black-Rock.html,0,0,0,0,0,0,0,0,0,0,0,22482
Bad Dreams,/Bad-Dreams.html,17,9,7,0,1,2,1,0,0,1,0,24130
Bad Lieutenant,/Bad-Lieutenant.html,18,17,0,0,2,1,0,1,0,1,0,15354
Bad Santa,/Bad-Santa.html,41,62,0,9,3,21,5,4,0,1,0,16368
Bad Teacher,/Bad-Teacher.html,10,15,2,2,0,7,1,0,0,0,0,21724
Badlands,/Badlands.html,0,0,3,0,0,1,0,0,0,0,0,14790
Bamboozled,/Bamboozled.html,1,1,9,1,0,13,0,0,0,1,0,24967
Barry Lyndon,/Barry-Lyndon.html,0,0,0,0,0,0,0,0,1,0,0,33449
Barton Fink,/Barton-Fink.html,4,1,6,3,0,6,1,0,0,1,0,22274
Basic,/Basic.html,10,33,1,3,0,6,2,0,0,0,0,22961
Basic Instinct,/Basic-Instinct.html,2,20,2,1,0,3,0,2,0,0,0,20608
Basquiat,/Basquiat.html,13,10,3,0,2,0,1,1,0,0,0,19459
Batman,/Batman.html,6,1,0,1,0,1,51,0,0,0,0,32586
Batman 2,/Batman-2.html,9,1,1,5,0,4,65,0,0,0,0,38338
"Battle of Algiers, The","/Battle-of-Algiers,-The.html",1,0,0,1,0,0,0,0,0,3,0,33622
"Battle of Shaker Heights, The","/Battle-of-Shaker-Heights,-The.html",5,9,4,2,1,1,0,0,0,0,0,18710
"Beach, The","/Beach,-The.html",6,5,1,0,1,0,1,4,0,0,0,18774
Bean,/Bean.html,1,0,9,1,0,4,0,0,0,0,0,29971
Beasts of No Nation,/Beasts-of-No-Nation.html,0,0,0,0,0,1,0,0,0,0,0,25506
Beasts of the Southern Wild,/Beasts-of-the-Southern-Wild.html,2,1,5,1,0,4,0,0,1,1,0,16335
Beauty and the Beast,/Beauty-and-the-Beast.html,0,0,0,0,0,0,11,0,0,0,0,23948
Beavis and Butt-head Do America,/Beavis-and-Butt-head-Do-America.html,0,0,12,0,0,15,0,0,0,0,0,18754
Beginners,/Beginners.html,0,4,0,0,0,1,0,0,0,0,0,18842
Being Human,/Being-Human.html,1,2,1,0,0,0,0,0,0,0,0,40255
Being John Malkovich,/Being-John-Malkovich.html,12,7,6,2,0,1,2,0,0,9,0,21187
Being There,/Being-There.html,0,1,6,3,2,5,0,0,0,1,0,25507
"Believer, The","/Believer,-The.html",16,18,1,0,1,3,2,0,0,1,0,22985
Belle,/Belle.html,0,0,1,0,0,0,0,0,0,0,0,21597
Beloved,/Beloved.html,1,0,8,1,0,0,0,0,0,1,0,34617
"Best Exotic Marigold Hotel, The","/Best-Exotic-Marigold-Hotel,-The.html",0,2,0,0,0,0,0,0,0,0,0,24554
Big,/Big.html,1,1,3,0,1,1,0,0,0,1,0,8608
"Big Blue, The","/Big-Blue,-The.html",3,0,6,2,0,4,0,0,0,1,0,25258
Big Eyes,/Big-Eyes.html,4,1,1,2,0,2,45,0,0,0,0,23266
Big Fish,/Big-Fish.html,4,0,3,1,0,3,0,0,0,0,0,26804
"Big Lebowski, The","/Big-Lebowski,-The.html",36,86,3,3,4,10,4,0,1,0,0,22597
"Big Sick, The","/Big-Sick,-The.html",10,24,0,1,3,1,0,0,0,0,0,20686
"Big White, The","/Big-White,-The.html",7,8,1,2,0,3,0,4,2,0,0,23874
Birdman,/Birdman.html,30,49,0,2,6,11,4,0,0,1,0,23295
"Birds, The","/Birds,-The.html",0,0,3,0,0,0,0,0,0,0,0,32927
Birthday Girl,/Birthday-Girl.html,1,7,0,0,0,1,0,0,1,0,0,17887
"Black Dahlia, The","/Black-Dahlia,-The.html",10,17,6,4,0,1,7,2,1,1,0,37437
Black Rain,/Black-Rain.html,9,1,1,2,0,8,0,1,0,4,0,22116
Black Snake Moan,/Black-Snake-Moan.html,44,16,2,4,0,10,3,2,1,0,0,25238
Black Swan,/Black-Swan.html,1,5,1,0,0,2,1,1,1,0,0,18832
Blade,/Blade.html,4,5,0,0,0,4,1,0,0,0,0,25143
Blade II,/Blade-II.html,14,15,1,4,1,4,0,0,0,0,0,25350
Blade Runner,/Blade-Runner.html,4,5,1,0,1,3,0,0,0,2,0,24551
"Blast from the Past, The","/Blast-from-the-Past,-The.html",6,2,6,4,0,3,0,0,0,0,0,25000
"Blind Side, The","/Blind-Side,-The.html",0,0,1,4,0,11,0,0,0,0,0,26526
"Bling Ring, The","/Bling-Ring,-The.html",8,14,0,4,0,1,1,0,0,0,0,16956
Blood and Wine,/Blood-and-Wine.html,6,6,2,0,1,5,1,0,0,1,0,23025
Blood Simple,/Blood-Simple.html,3,1,2,0,4,3,0,0,0,0,0,20943
Blow,/Blow.html,20,27,2,2,0,6,1,3,0,0,0,23498
Blue Valentine,/Blue-Valentine.html,11,6,0,1,1,5,0,0,0,0,0,22582
Blue Velvet,/Blue-Velvet.html,12,20,3,3,0,1,0,0,1,1,0,27359
"Blues Brothers, The","/Blues-Brothers,-The.html",0,0,0,0,0,0,0,0,0,0,0,22
"Bodies, Rest & Motion","/Bodies,-Rest-&-Motion.html",19,6,0,0,3,0,0,0,0,0,0,16165
Body Heat,/Body-Heat.html,6,3,4,0,1,1,0,0,0,1,0,30886
Body of Evidence,/Body-of-Evidence.html,1,3,0,3,0,2,0,1,0,3,0,21615
Bodyguard,/Bodyguard.html,4,13,1,6,1,2,0,0,0,0,0,35372
Bones,/Bones.html,26,11,16,6,0,8,1,0,0,0,0,29132
Bonfire of the Vanities,/Bonfire-of-the-Vanities.html,17,8,2,5,3,5,2,2,0,1,0,27891
Bonnie and Clyde,/Bonnie-and-Clyde.html,0,1,18,2,0,2,0,0,0,0,0,30502
Boogie Nights,/Boogie-Nights.html,27,69,2,4,3,17,15,8,27,1,0,29904
"Book of Eli, The","/Book-of-Eli,-The.html",10,4,3,3,0,4,0,0,0,0,0,28510
"Boondock Saints, The","/Boondock-Saints,-The.html",48,81,2,5,5,18,3,0,4,2,0,26922
Bottle Rocket,/Bottle-Rocket.html,21,21,2,2,0,2,0,0,0,0,0,20796
Bound,/Bound.html,24,44,0,6,2,5,1,0,0,0,0,19404
"Bounty Hunter, The","/Bounty-Hunter,-The.html",20,16,1,9,10,3,0,0,0,2,0,21514
"Bourne Identity, The","/Bourne-Identity,-The.html",21,14,0,0,0,1,0,0,0,0,0,21736
"Bourne Ultimatum, The","/Bourne-Ultimatum,-The.html",5,0,0,0,0,0,0,0,0,0,0,19921
"Box, The","/Box,-The.html",1,0,2,0,0,2,0,0,0,1,0,22651
"Boxtrolls, The","/Boxtrolls,-The.html",0,0,0,0,0,0,0,0,0,0,0,27031
Boyhood,/Boyhood.html,18,15,2,7,3,8,1,2,1,0,0,31186
Braveheart,/Braveheart.html,0,0,0,1,0,4,0,0,0,1,0,27714
Brazil,/Brazil.html,7,0,4,1,0,1,0,0,0,4,0,34631
Break,/Break.html,4,0,0,0,0,0,0,0,0,0,0,26818
Breakdown,/Breakdown.html,9,12,3,1,4,3,0,0,0,1,0,23420
"Breakfast Club, The","/Breakfast-Club,-The.html",23,9,0,7,5,2,5,0,0,0,0,13901
Breaking Away,/Breaking-Away.html,3,0,9,0,0,0,0,0,0,2,0,23702
Brick,/Brick.html,0,0,2,0,0,0,0,0,0,0,0,22231
Bridesmaids,/Bridesmaids.html,19,2,1,3,1,6,1,0,0,0,0,25823
Bringing Out the Dead,/Bringing-Out-the-Dead.html,10,3,1,1,0,3,0,1,0,2,0,19232
Broadcast News,/Broadcast-News.html,7,3,6,0,1,4,1,0,0,1,0,29197
Broken Arrow,/Broken-Arrow.html,6,1,0,1,2,2,1,2,0,1,0,19085
Broken Embraces,/Broken-Embraces.html,2,6,2,3,1,1,1,0,1,0,0,40037
"Brothers Bloom, The","/Brothers-Bloom,-The.html",12,4,1,5,0,1,0,0,1,2,0,24682
Bruce Almighty,/Bruce-Almighty.html,1,0,5,0,3,7,0,0,0,0,0,23221
Buffy the Vampire Slayer,/Buffy-the-Vampire-Slayer.html,4,1,1,4,0,1,2,2,0,0,0,23643
Bull Durham,/Bull-Durham.html,22,14,29,4,1,16,3,4,2,0,0,24271
Buried,/Buried.html,7,3,2,2,0,1,0,0,0,0,0,18586
Burlesque,/Burlesque.html,17,0,21,7,2,19,0,0,0,0,0,27723
Burn After Reading,/Burn-After-Reading.html,20,27,1,4,0,10,0,0,0,0,0,21363
Burning Annie,/Burning-Annie.html,28,4,2,1,1,4,2,1,0,0,0,21433
"Butterfly Effect, The","/Butterfly-Effect,-The.html",20,15,3,2,1,10,1,0,0,0,0,24459
Cable Guy,/Cable-Guy.html,4,0,6,3,1,4,0,0,0,1,0,24900
Candle to Water,/Candle-to-Water.html,14,39,2,12,0,0,0,1,0,2,0,19749
Capote,/Capote.html,0,0,0,0,0,0,37,0,0,0,0,21051
Carrie,/Carrie.html,11,0,1,1,1,1,0,0,0,1,0,23006
Cars 2,/Cars-2.html,0,0,0,0,0,0,0,0,0,0,0,25013
Case 39,/Case-39.html,2,2,1,0,0,1,0,0,0,0,0,24553
Casino,/Casino.html,37,111,6,8,3,14,1,0,0,2,0,53918
Cast Away,/Cast-Away.html,14,5,24,1,1,0,3,0,0,0,0,27423
Catch Me If You Can,/Catch-Me-If-You-Can.html,9,4,5,1,0,0,0,0,0,0,0,29088
Cecil B. Demented,/Cecil-B.-Demented.html,3,11,3,5,3,7,2,1,0,0,0,22237
Cedar Rapids,/Cedar-Rapids.html,32,24,1,0,3,8,3,3,0,0,0,25949
Celeste & Jesse Forever,/Celeste-&-Jesse-Forever.html,17,21,0,1,0,2,1,0,6,0,0,20662
"Cell, The","/Cell,-The.html",2,1,4,2,0,2,0,0,0,0,0,22412
Cellular,/Cellular.html,28,2,13,7,9,17,0,1,0,4,0,26456
"Change-Up, The","/Change-Up,-The.html",34,70,0,4,1,5,4,0,2,1,3,23867
Changeling,/Changeling.html,3,3,3,0,0,1,0,0,1,2,0,34053
Chaos,/Chaos.html,21,6,1,1,1,1,1,2,0,1,0,21409
Charade,/Charade.html,0,0,1,0,0,0,0,0,0,0,0,31141
Charlie's Angels,/Charlie's-Angels.html,8,2,7,5,3,6,0,0,0,1,0,23927
Chasing Amy,/Chasing-Amy.html,51,43,2,22,5,11,13,3,6,1,0,24636
Chasing Sleep,/Chasing-Sleep.html,4,5,7,6,2,0,0,0,0,1,0,19546
Cherry Falls,/Cherry-Falls.html,8,17,2,0,0,2,2,0,1,2,0,20299
Chinatown,/Chinatown.html,2,1,2,8,0,3,0,0,1,2,0,26058
Christ Complex,/Christ-Complex.html,1,11,0,0,2,3,0,0,0,0,0,12871
Chronicle,/Chronicle.html,43,34,2,4,9,4,1,0,0,0,0,19549
"Cider House Rules, The","/Cider-House-Rules,-The.html",2,0,4,0,0,2,0,0,0,1,0,27409
"Cincinnati Kid, The","/Cincinnati-Kid,-The.html",0,0,6,3,0,1,0,0,0,3,0,26201
Cinema Paradiso,/Cinema-Paradiso.html,1,6,6,0,0,6,0,0,0,4,0,33848
Citizen Kane,/Citizen-Kane.html,0,0,0,0,0,0,0,0,0,0,0,35392
City of Joy,/City-of-Joy.html,0,0,1,0,1,1,0,0,1,0,0,30804
Clash of the Titans,/Clash-of-the-Titans.html,1,0,1,0,0,0,0,0,0,1,0,24014
Clerks,/Clerks.html,36,34,7,6,7,10,10,4,10,0,0,24770
Cliffhanger,/Cliffhanger.html,5,12,2,3,0,2,0,0,0,1,0,31844
"Clockwork Orange, A","/Clockwork-Orange,-A.html",0,0,0,0,0,0,0,0,0,0,0,21
Clueless,/Clueless.html,10,0,1,0,1,2,0,0,0,1,0,13439
Cobb,/Cobb.html,15,22,37,8,1,15,2,0,0,8,0,28165
Coco,/Coco.html,0,0,0,0,0,0,0,0,0,0,0,23336
Code of Silence,/Code-of-Silence.html,14,9,2,0,4,9,0,0,0,1,0,18275
Cold Mountain,/Cold-Mountain.html,6,0,8,1,3,3,0,0,0,3,0,30702
Collateral Damage,/Collateral-Damage.html,12,3,0,5,3,2,0,0,0,2,0,29986
Colombiana,/Colombiana.html,6,11,0,8,1,5,0,0,0,2,0,26024
Color of Night,/Color-of-Night.html,19,21,3,6,5,2,3,0,2,3,0,28988
Commando,/Commando.html,6,7,0,0,4,1,0,0,0,0,0,17305
Conan the Barbarian,/Conan-the-Barbarian.html,1,0,1,0,0,1,0,0,0,0,0,23744
Confessions of a Dangerous Mind,/Confessions-of-a-Dangerous-Mind.html,9,35,4,2,7,7,15,3,1,0,0,24953
Confidence,/Confidence.html,26,12,0,2,7,8,4,1,0,1,0,25206
Constantine,/Constantine.html,17,0,5,2,2,5,0,0,0,2,0,24834
"Cooler, The","/Cooler,-The.html",16,27,1,3,0,4,2,0,0,1,0,21637
Copycat,/Copycat.html,6,10,9,11,2,6,0,1,0,6,0,31558
Coraline,/Coraline.html,0,0,0,0,0,0,0,0,0,0,0,24952
Coriolanus,/Coriolanus.html,0,0,0,0,0,0,0,0,0,0,0,21087
Courage Under Fire,/Courage-Under-Fire.html,0,0,0,0,0,0,0,0,0,0,0,22
Cowboys & Aliens,/Cowboys-&-Aliens.html,19,2,26,1,2,8,0,0,2,3,0,28012
Cradle 2 the Grave,/Cradle-2-the-Grave.html,20,10,0,5,1,7,0,0,0,0,0,18953
Crank,/Crank.html,40,8,4,15,8,16,1,0,0,2,0,22657
Crash,/Crash.html,0,1,0,1,0,0,0,0,0,2,0,17357
"Crazy, Stupid, Love","/Crazy,-Stupid,-Love.html",10,1,3,2,10,3,2,0,0,2,0,21539
Crazylove,/Crazylove.html,1,5,3,2,0,1,0,0,1,0,0,21799
Creation,/Creation.html,3,0,2,0,0,0,0,0,0,0,2,19578
Crime Spree,/Crime-Spree.html,11,10,2,1,1,8,2,0,0,1,0,25250
"Croods, The","/Croods,-The.html",0,0,0,0,0,0,0,0,0,0,0,17158
"Crouching Tiger, Hidden Dragon","/Crouching-Tiger,-Hidden-Dragon.html",0,0,0,0,0,0,0,0,0,0,0,11938
Croupier,/Croupier.html,10,9,0,2,0,0,0,0,0,1,0,19421
"Crow Salvation, The","/Crow-Salvation,-The.html",11,11,1,2,2,2,0,0,0,0,0,21755
"Crow, The","/Crow,-The.html",16,11,2,4,1,13,2,0,0,0,0,22393
Cruel Intentions,/Cruel-Intentions.html,16,12,0,5,1,9,1,1,1,1,1,18476
Crying Game,/Crying-Game.html,3,40,0,7,0,2,1,0,0,3,0,16016
Cube,/Cube.html,1,7,0,1,0,1,0,0,0,0,0,8866
"Curious Case of Benjamin Button, The","/Curious-Case-of-Benjamin-Button,-The.html",6,0,1,0,0,4,1,0,0,4,0,41851
Custody,/Custody.html,2,0,0,1,1,2,0,0,0,0,0,15628
Dallas Buyers Club,/Dallas-Buyers-Club.html,31,27,5,3,1,10,1,4,2,0,0,22128
"Damned United, The","/Damned-United,-The.html",0,8,0,0,0,0,0,0,0,3,0,21381
Dances with Wolves,/Dances-with-Wolves.html,0,0,4,1,0,3,0,0,0,2,0,37121
Dark City,/Dark-City.html,4,0,6,0,0,0,0,0,0,1,0,27401
"Dark Knight Rises, The","/Dark-Knight-Rises,-The.html",0,0,1,3,0,1,0,0,0,1,0,30052
Dark Star,/Dark-Star.html,1,1,2,0,0,0,0,0,0,0,0,6914
Darkman,/Darkman.html,2,3,1,4,1,4,0,0,0,1,0,27215
Date Night,/Date-Night.html,9,1,1,3,1,1,0,0,0,0,0,21886
Dave Barry's Complete Guide to Guys,/Dave-Barry's-Complete-Guide-to-Guys.html,9,0,0,0,0,2,0,0,0,1,0,18602
Dawn of the Dead,/Dawn-of-the-Dead.html,13,0,9,2,0,7,1,0,0,3,0,41562
Day of the Dead,/Day-of-the-Dead.html,14,4,7,0,0,13,0,0,0,2,0,28403
"Day the Clown Cried, The","/Day-the-Clown-Cried,-The.html",0,0,6,0,0,2,0,0,0,1,0,35904
"Day the Earth Stood Still, The","/Day-the-Earth-Stood-Still,-The.html",0,0,0,0,0,0,0,0,0,0,0,27520
Days of Heaven,/Days-of-Heaven.html,5,0,0,0,0,1,0,2,0,2,0,30120
Dead Poets Society,/Dead-Poets-Society.html,2,0,4,0,0,1,0,0,0,1,0,20860
Deadpool,/Deadpool.html,23,21,0,2,3,5,1,0,1,0,2,27974
Dear White People,/Dear-White-People.html,15,15,7,7,0,8,3,0,1,0,0,22030
Death at a Funeral,/Death-at-a-Funeral.html,20,2,18,0,0,5,0,0,0,4,0,20988
Death to Smoochy,/Death-to-Smoochy.html,11,3,3,5,6,9,1,0,5,1,0,24751
"Debt, The","/Debt,-The.html",3,12,0,0,0,0,0,0,0,0,0,26661
Deception,/Deception.html,3,3,3,0,0,0,2,0,0,0,0,28179
Deep Cover,/Deep-Cover.html,24,14,3,6,5,4,3,1,0,2,0,21744
Deep Rising,/Deep-Rising.html,25,0,6,3,2,13,1,0,0,2,0,23618
"Deer Hunter, The","/Deer-Hunter,-The.html",14,8,17,1,2,8,0,0,1,3,0,29648
Defiance,/Defiance.html,16,2,1,2,0,3,1,0,0,0,0,24712
"Departed, The","/Departed,-The.html",18,63,0,2,2,8,4,5,3,2,0,29903
"Descendants, The","/Descendants,-The.html",11,12,0,4,0,1,0,1,1,0,0,24760
Despicable Me 2,/Despicable-Me-2.html,0,0,0,0,0,0,0,0,0,0,0,21036
Detroit Rock City,/Detroit-Rock-City.html,29,13,3,4,2,26,7,0,0,0,0,27439
Devil in a Blue Dress,/Devil-in-a-Blue-Dress.html,10,0,21,5,0,8,0,0,2,2,0,25280
Devil's Advocate,/Devil's-Advocate.html,10,23,6,3,1,9,0,0,0,0,0,26660
Die Hard,/Die-Hard.html,16,9,6,2,4,9,2,0,1,2,0,27201
Die Hard 2,/Die-Hard-2.html,19,16,8,4,9,14,5,0,1,2,0,25615
Diner,/Diner.html,8,2,1,4,3,2,0,0,0,0,0,20316
"Distinguished Gentleman, The","/Distinguished-Gentleman,-The.html",19,8,9,3,1,18,32,0,0,2,0,27778
Disturbia,/Disturbia.html,29,2,3,2,2,8,1,0,0,2,0,26773
Django Unchained,/Django-Unchained.html,13,8,19,7,0,52,0,0,1,4,0,40225
Do The Right Thing,/Do-The-Right-Thing.html,26,21,4,1,2,9,40,0,0,2,0,16877
Dog Day Afternoon,/Dog-Day-Afternoon.html,22,22,8,2,3,1,0,0,0,2,0,28319
Dogma,/Dogma.html,53,36,4,12,4,15,3,1,0,4,0,32356
Donnie Brasco,/Donnie-Brasco.html,7,38,0,2,1,8,0,0,1,1,0,25223
"Doors, The","/Doors,-The.html",23,57,1,0,11,5,5,3,9,2,1,38084
Double Indemnity,/Double-Indemnity.html,0,0,0,0,0,0,0,0,0,0,0,32380
Drag Me to Hell,/Drag-Me-to-Hell.html,0,2,1,3,0,1,0,0,0,0,0,18223
Dragonslayer,/Dragonslayer.html,0,0,3,0,0,0,0,0,0,1,0,20076
Drive,/Drive.html,2,13,0,0,4,0,0,1,0,0,0,22740
Drive Angry,/Drive-Angry.html,14,33,4,8,1,7,1,0,1,1,0,19085
Drop Dead Gorgeous,/Drop-Dead-Gorgeous.html,7,2,10,8,0,21,0,0,0,1,0,19254
"Dry White Season, A","/Dry-White-Season,-A.html",6,1,3,0,0,0,0,0,0,4,0,34827
Duck Soup,/Duck-Soup.html,0,0,0,0,0,0,0,0,0,0,0,19711
Dumb and Dumber,/Dumb-and-Dumber.html,10,3,7,4,2,3,0,0,0,2,0,24013
Dune,/Dune.html,0,0,4,0,0,1,0,0,0,0,0,24070
E.T.,/E.T..html,1,0,0,0,0,0,0,0,0,0,0,18057
Eagle Eye,/Eagle-Eye.html,37,14,0,0,5,5,0,0,0,0,0,31425
Eastern Promises,/Eastern-Promises.html,1,12,1,6,0,0,0,0,1,0,0,22515
Easy A,/Easy-A.html,5,18,1,6,1,9,0,0,0,0,0,21455
Ed TV,/Ed-TV.html,6,0,0,1,2,22,0,0,0,1,0,24981
Ed Wood,/Ed-Wood.html,8,6,3,2,2,3,2,0,0,1,0,29023
Edward Scissorhands,/Edward-Scissorhands.html,1,0,4,0,0,0,0,0,0,1,0,8143
Eight Legged Freaks,/Eight-Legged-Freaks.html,3,1,4,1,0,0,0,0,1,0,0,19000
Election,/Election.html,1,6,1,3,0,2,17,1,0,0,0,25131
"Elephant Man, The","/Elephant-Man,-The.html",0,0,2,0,0,0,0,0,0,4,0,34137
Enemy of the State,/Enemy-of-the-State.html,9,17,4,0,3,2,2,0,0,0,1,23211
"English Patient, The","/English-Patient,-The.html",0,3,0,1,0,0,1,0,0,2,0,32217
Enough,/Enough.html,4,2,1,1,2,3,2,0,0,0,0,22492
Entrapment,/Entrapment.html,16,5,0,2,1,5,0,0,0,0,0,29860
Equilibrium,/Equilibrium.html,0,0,0,0,0,0,0,0,0,0,0,20
Erik the Viking,/Erik-the-Viking.html,0,0,1,0,0,0,0,0,0,2,0,21921
Erin Brockovich,/Erin-Brockovich.html,27,16,30,5,4,9,0,0,0,0,0,30254
Escape From L.A.,/Escape-From-L.A..html,13,2,3,0,1,3,0,0,0,0,0,24677
Escape From New York,/Escape-From-New-York.html,10,2,0,2,4,5,0,0,0,1,0,11393
Eternal Sunshine of the Spotless Mind,/Eternal-Sunshine-of-the-Spotless-Mind.html,15,11,4,1,0,1,1,0,0,0,0,24562
Even Cowgirls Get the Blues,/Even-Cowgirls-Get-the-Blues.html,7,0,1,0,0,2,1,1,0,1,2,19235
Event Horizon,/Event-Horizon.html,7,6,4,1,0,3,2,0,0,0,0,22033
Evil Dead,/Evil-Dead.html,2,0,3,0,0,0,0,0,0,0,0,11829
Ex Machina,/Ex-Machina.html,6,12,2,0,0,0,0,0,0,1,0,20742
Excalibur,/Excalibur.html,0,0,0,0,0,0,0,0,0,0,0,26992
eXistenZ,/eXistenZ.html,1,2,2,0,0,0,0,0,0,1,0,21524
Extract,/Extract.html,26,0,6,0,4,14,2,1,1,0,0,20299
"Fabulous Baker Boys, The","/Fabulous-Baker-Boys,-The.html",7,10,4,0,1,3,0,0,0,0,0,26927
Face Off,/Face-Off.html,8,6,6,1,1,3,0,0,1,2,0,23433
Fair Game,/Fair-Game.html,2,9,0,1,2,0,1,1,0,1,0,24040
"Family Man, The","/Family-Man,-The.html",6,1,10,0,0,2,0,0,0,1,0,29576
Fantastic Four,/Fantastic-Four.html,1,0,5,0,0,1,0,0,0,0,0,28309
Fantastic Mr Fox,/Fantastic-Mr-Fox.html,0,0,0,0,0,0,0,0,0,0,0,22020
Fargo,/Fargo.html,4,12,6,0,0,1,0,0,0,0,0,17469
Fast Times at Ridgemont High,/Fast-Times-at-Ridgemont-High.html,10,7,0,0,2,1,4,2,0,0,0,24543
Fatal Instinct,/Fatal-Instinct.html,3,0,7,2,0,1,2,0,0,1,0,28240
"Fault in Our Stars, The","/Fault-in-Our-Stars,-The.html",6,2,0,0,4,1,0,0,0,3,0,24205
Fear and Loathing in Las Vegas,/Fear-and-Loathing-in-Las-Vegas.html,28,18,9,4,1,3,0,0,0,20,0,23214
Feast,/Feast.html,19,13,6,3,1,9,2,0,0,0,1,17973
Ferris Bueller's Day Off,/Ferris-Bueller's-Day-Off.html,25,0,0,1,11,8,0,0,0,0,0,24328
Field of Dreams,/Field-of-Dreams.html,6,4,5,1,2,2,1,0,0,0,0,23822
"Fifth Element, The","/Fifth-Element,-The.html",7,5,0,1,0,1,0,1,1,0,0,25088
Fight Club,/Fight-Club.html,11,18,2,5,2,5,0,1,1,0,0,28941
"Fighter, The","/Fighter,-The.html",14,17,0,1,1,8,15,0,0,0,0,25974
Final Destination,/Final-Destination.html,5,13,0,0,2,2,1,0,0,0,0,25379
Final Destination 2,/Final-Destination-2.html,16,8,11,2,1,4,2,0,0,1,0,24024
Finding Nemo,/Finding-Nemo.html,0,0,0,0,0,0,0,0,0,0,0,13651
Five Easy Pieces,/Five-Easy-Pieces.html,12,0,9,3,1,2,0,0,0,0,0,18812
Flash Gordon,/Flash-Gordon.html,0,0,4,1,0,0,0,0,0,2,0,19149
Fletch,/Fletch.html,0,0,4,0,0,0,0,0,0,1,0,18518
Flight,/Flight.html,22,25,2,4,1,9,1,0,0,1,0,33143
"Flintstones, The","/Flintstones,-The.html",0,0,2,0,0,2,0,0,1,0,0,27667
Forrest Gump,/Forrest-Gump.html,8,0,2,6,1,7,14,0,0,0,0,26109
Four Feathers,/Four-Feathers.html,0,0,1,0,0,0,0,0,0,6,0,33678
Four Rooms,/Four-Rooms.html,13,17,1,4,2,8,1,2,5,1,0,24992
Foxcatcher,/Foxcatcher.html,4,2,0,1,0,1,0,0,0,0,0,21959
Fracture,/Fracture.html,4,0,1,2,2,1,4,0,0,2,0,23290
Frances,/Frances.html,3,2,12,5,0,2,36,0,0,3,0,27693
Frankenstein,/Frankenstein.html,1,0,6,1,0,2,0,0,0,5,0,30450
Frankenweenie,/Frankenweenie.html,0,0,0,0,0,0,0,0,0,0,0,14676
Freaked,/Freaked.html,14,2,12,0,2,5,1,0,0,1,0,22742
Freddy vs. Jason,/Freddy-vs.-Jason.html,6,3,5,33,1,7,0,2,1,3,0,26085
"French Connection, The","/French-Connection,-The.html",10,2,2,1,1,12,0,1,0,2,0,21518
Frequency,/Frequency.html,6,8,4,0,3,3,0,0,0,3,0,28522
Friday the 13th,/Friday-the-13th.html,4,1,2,0,1,0,0,0,0,0,0,17896
Fright Night,/Fright-Night.html,21,12,1,1,0,2,2,1,0,0,1,21820
Fright Night (1985),/Fright-Night-(1985).html,2,1,3,1,3,2,1,0,0,2,0,27870
From Dusk Till Dawn,/From-Dusk-Till-Dawn.html,40,29,2,8,4,13,2,42,0,9,0,23902
From Here to Eternity,/From-Here-to-Eternity.html,0,0,0,0,0,0,0,0,0,0,0,37289
Frozen,/Frozen.html,30,9,2,1,6,7,3,2,0,0,0,19010
Frozen (Disney),/Frozen-(Disney).html,0,0,0,0,0,0,0,0,0,0,0,20812
Frozen River,/Frozen-River.html,6,2,2,4,0,3,0,0,0,0,0,20185
Fruitvale Station,/Fruitvale-Station.html,40,41,1,12,0,14,0,0,0,0,0,19953
"Fugitive, The","/Fugitive,-The.html",6,0,4,1,2,1,0,0,0,0,0,26560
Funny People,/Funny-People.html,54,40,1,4,3,6,4,0,1,0,2,28357
G.I. Jane,/G.I.-Jane.html,13,6,2,1,1,10,2,0,1,0,0,23508
Game 6,/Game-6.html,1,0,0,1,0,0,0,0,0,0,0,16323
"Game, The","/Game,-The.html",31,20,6,3,1,4,0,0,0,5,0,32654
Gamer,/Gamer.html,36,13,12,5,1,13,1,1,1,0,0,25840
Gandhi,/Gandhi.html,0,0,7,0,0,0,0,0,0,3,0,50128
Gang Related,/Gang-Related.html,45,24,0,1,9,3,1,0,1,0,0,24874
Gangs of New York,/Gangs-of-New-York.html,1,0,10,2,0,0,0,0,1,2,0,39449
Garden State,/Garden-State.html,29,33,1,5,3,5,3,0,0,0,0,25510
Gattaca,/Gattaca.html,1,1,3,0,0,0,0,0,2,0,0,26558
Get Carter,/Get-Carter.html,5,0,0,4,0,0,0,0,1,7,0,15880
Get Low,/Get-Low.html,2,0,7,4,0,4,0,0,1,1,0,20908
Get on Up,/Get-on-Up.html,18,2,4,0,0,6,1,0,0,0,0,28218
Get Out,/Get-Out.html,32,19,8,2,0,3,2,0,1,0,1,19047
"Getaway, The","/Getaway,-The.html",0,0,2,0,0,3,0,0,0,1,0,25616
Ghost,/Ghost.html,4,1,8,2,1,2,0,0,0,7,0,26563
"Ghost and the Darkness, The","/Ghost-and-the-Darkness,-The.html",1,1,0,1,0,0,0,0,0,0,0,23501
Ghost Rider,/Ghost-Rider.html,9,26,0,2,0,10,2,0,0,0,0,26752
Ghost Ship,/Ghost-Ship.html,7,6,11,3,0,6,0,0,6,0,0,25592
Ghost World,/Ghost-World.html,6,20,0,5,7,0,1,1,0,0,0,23521
Ghostbusters,/Ghostbusters.html,0,0,0,0,0,0,0,0,0,0,0,6812
Ghostbusters 2,/Ghostbusters-2.html,2,0,1,0,0,0,0,0,0,0,0,23646
Ginger Snaps,/Ginger-Snaps.html,17,25,0,4,1,9,0,2,1,0,0,22470
"Girl with the Dragon Tattoo, The","/Girl-with-the-Dragon-Tattoo,-The.html",0,5,0,0,0,1,0,0,0,0,0,37926
Gladiator,/Gladiator.html,1,0,4,0,0,1,0,0,0,4,0,24397
Glengarry Glen Gross,/Glengarry-Glen-Gross.html,30,65,0,0,6,11,2,0,0,0,0,15140
Go,/Go.html,30,30,1,4,1,13,7,2,0,0,0,25578
Godfather,/Godfather.html,0,0,1,4,0,2,1,0,0,8,0,33387
Godfather Part II,/Godfather-Part-II.html,2,1,0,2,0,3,0,0,0,3,0,42006
"Godfather Part III, The","/Godfather-Part-III,-The.html",9,0,0,2,0,3,0,0,1,2,0,26216
Gods and Monsters,/Gods-and-Monsters.html,5,7,7,2,1,3,0,0,0,0,0,23483
Godzilla,/Godzilla.html,2,0,2,1,0,0,0,0,0,1,1,27251
Gone Baby Gone,/Gone-Baby-Gone.html,22,36,2,4,2,4,3,1,3,0,1,26855
Gone in 60 Seconds,/Gone-in-60-Seconds.html,33,4,11,2,4,10,0,0,1,2,0,28025
"Good Girl, The","/Good-Girl,-The.html",4,3,2,0,0,3,0,0,0,0,0,8307
Good Will Hunting,/Good-Will-Hunting.html,20,33,3,4,2,11,1,2,2,0,0,24620
Gothika,/Gothika.html,6,3,2,2,0,1,0,1,0,0,0,26233
Grabbers,/Grabbers.html,9,8,0,1,0,1,0,0,1,3,0,20085
"Graduate, The","/Graduate,-The.html",0,0,3,0,0,1,0,0,0,0,0,25317
Gran Torino,/Gran-Torino.html,13,13,5,17,2,5,0,4,0,2,0,23144
Grand Hotel,/Grand-Hotel.html,0,0,0,0,0,0,0,0,0,0,0,26282
Grand Theft Parsons,/Grand-Theft-Parsons.html,8,0,9,4,2,1,0,0,0,4,0,19961
"Grapes of Wrath, The","/Grapes-of-Wrath,-The.html",0,0,0,0,0,0,0,0,0,0,0,27436
Gravity,/Gravity.html,7,1,1,1,0,0,0,0,0,0,0,20030
"Great Gatsby, The","/Great-Gatsby,-The.html",0,0,1,1,0,0,1,0,0,0,0,24252
"Green Mile, The","/Green-Mile,-The.html",11,7,12,5,4,9,2,1,0,6,0,31262
Gremlins,/Gremlins.html,1,0,6,1,1,2,0,0,0,4,0,18784
Gremlins 2,/Gremlins-2.html,1,0,2,0,0,1,0,0,0,0,0,26096
"Grifters, The","/Grifters,-The.html",4,1,3,1,0,0,0,0,0,0,0,23240
Grosse Point Blank,/Grosse-Point-Blank.html,2,9,1,0,1,3,0,0,0,0,0,19945
Groundhog Day,/Groundhog-Day.html,1,1,0,0,1,0,0,0,0,1,0,23990
"Grudge, The","/Grudge,-The.html",0,0,1,0,0,0,0,0,0,0,0,21988
Guardians of the Galaxy Vol 2,/Guardians-of-the-Galaxy-Vol-2.html,4,0,10,1,1,4,2,0,1,0,0,27742
Hackers,/Hackers.html,21,0,1,2,1,3,0,0,0,0,0,14550
Hall Pass,/Hall-Pass.html,10,1,0,0,0,12,1,0,3,1,0,27786
Hancock,/Hancock.html,21,23,5,3,2,11,1,1,1,4,0,24094
"Hangover, The","/Hangover,-The.html",8,1,3,1,2,10,3,0,0,0,1,21451
Hanna,/Hanna.html,7,7,0,1,0,0,0,0,0,3,0,25907
Hannah and Her Sisters,/Hannah-and-Her-Sisters.html,0,1,1,0,0,1,0,0,0,0,0,40977
Hannibal,/Hannibal.html,0,2,0,2,0,0,0,0,0,0,0,31623
"Happy Birthday, Wanda June","/Happy-Birthday,-Wanda-June.html",11,5,4,7,0,4,0,0,1,3,0,20351
Happy Feet,/Happy-Feet.html,2,0,0,0,0,2,0,0,0,0,0,15251
Hard Rain,/Hard-Rain.html,13,2,5,2,0,3,0,0,0,1,0,20796
Hard to Kill,/Hard-to-Kill.html,10,8,0,1,1,6,0,0,0,0,0,23916
Harold and Kumar Go to White Castle,/Harold-and-Kumar-Go-to-White-Castle.html,62,34,1,3,41,20,2,5,6,0,0,27099
"Haunting, The","/Haunting,-The.html",3,1,3,1,0,0,0,0,0,1,0,30556
He's Just Not That Into You,/He's-Just-Not-That-Into-You.html,18,1,0,0,5,4,1,0,0,0,0,24824
Heat,/Heat.html,7,24,0,4,2,6,0,0,0,1,0,30247
Heathers,/Heathers.html,28,13,13,8,4,8,3,2,0,0,0,25483
Heavenly Creatures,/Heavenly-Creatures.html,0,0,4,0,0,0,0,0,0,0,0,27256
Heavy Metal,/Heavy-Metal.html,4,0,1,2,2,1,0,0,0,0,0,16287
"Hebrew Hammer, The","/Hebrew-Hammer,-The.html",10,2,6,2,1,9,4,0,0,0,0,21540
Heist,/Heist.html,4,7,1,1,0,2,0,0,0,0,0,27306
Hellboy,/Hellboy.html,0,0,3,0,0,1,0,0,0,0,0,22754
Hellraiser,/Hellraiser.html,8,1,10,2,0,2,0,0,0,2,0,18211
"Help, The","/Help,-The.html",7,0,5,0,1,0,0,0,0,0,0,30925
Henry Fool,/Henry-Fool.html,11,9,1,0,0,5,0,0,1,1,0,25882
Henry's Crime,/Henry's-Crime.html,10,6,1,1,0,0,1,1,0,0,0,20280
Her,/Her.html,5,20,0,1,1,2,1,2,0,0,0,19593
Hesher,/Hesher.html,23,46,0,2,2,3,2,1,7,0,0,24740
High Fidelity,/High-Fidelity.html,10,23,1,1,7,7,130,0,0,4,0,27181
Highlander,/Highlander.html,1,0,1,2,1,1,0,0,0,2,0,18602
"Hills Have Eyes, The","/Hills-Have-Eyes,-The.html",3,4,1,3,0,1,0,0,0,0,0,20293
His Girl Friday,/His-Girl-Friday.html,0,0,0,0,0,0,0,0,1,0,0,33110
Hitchcock,/Hitchcock.html,0,0,1,0,0,0,0,0,1,0,0,23521
"Hitchhiker's Guide to the Galaxy, The","/Hitchhiker's-Guide-to-the-Galaxy,-The.html",1,0,2,0,0,2,0,0,1,1,0,25473
Hollow Man,/Hollow-Man.html,18,8,2,0,2,2,0,0,0,2,0,25499
Honeydripper,/Honeydripper.html,1,0,13,0,0,6,0,0,0,0,0,21757
Horrible Bosses,/Horrible-Bosses.html,23,25,8,4,0,9,4,6,5,5,0,21710
"Horse Whisperer, The","/Horse-Whisperer,-The.html",7,0,3,0,0,1,0,0,0,0,0,39131
"Hospital, The","/Hospital,-The.html",1,1,4,5,0,5,0,0,0,0,0,29736
Hostage,/Hostage.html,20,26,1,1,7,8,1,2,0,2,0,25384
Hot Tub Time Machine,/Hot-Tub-Time-Machine.html,21,33,3,1,8,6,5,0,0,0,4,20284
Hotel Rwanda,/Hotel-Rwanda.html,2,4,0,0,1,2,0,0,1,0,0,24668
House of 1000 Corpses,/House-of-1000-Corpses.html,36,30,11,10,3,12,3,9,0,2,0,21323
How to Lose Friends & Alienate People,/How-to-Lose-Friends-&-Alienate-People.html,9,12,0,2,2,3,0,0,0,0,0,23655
How to Train Your Dragon,/How-to-Train-Your-Dragon.html,0,0,0,0,0,0,0,0,0,0,0,22675
How to Train Your Dragon 2,/How-to-Train-Your-Dragon-2.html,0,0,0,0,0,0,0,0,0,0,0,21255
Hudson Hawk,/Hudson-Hawk.html,13,5,10,3,3,2,0,0,0,5,0,24556
"Hudsucker Proxy, The","/Hudsucker-Proxy,-The.html",0,0,2,0,0,1,0,0,0,1,0,27999
Human Nature,/Human-Nature.html,7,6,2,5,0,2,3,0,0,3,0,20811
"Hunt for Red October, The","/Hunt-for-Red-October,-The.html",1,1,5,0,0,3,0,0,0,3,0,22326
"Hurt Locker, The","/Hurt-Locker,-The.html",16,15,6,1,1,0,2,0,0,3,0,23863
I Am Number Four,/I-Am-Number-Four.html,1,1,1,0,1,0,0,0,0,0,0,23692
I am Sam,/I-am-Sam.html,1,0,1,0,0,1,0,0,0,0,0,24260
I Love You Phillip Morris,/I-Love-You-Phillip-Morris.html,10,15,5,5,3,10,5,1,1,0,0,24237
I Spit on Your Grave,/I-Spit-on-Your-Grave.html,22,12,5,10,0,19,0,2,1,2,0,22410
I Still Know What You Did Last Summer,/I-Still-Know-What-You-Did-Last-Summer.html,0,0,6,0,0,0,0,0,0,0,0,21185
I'll Do Anything,/I'll-Do-Anything.html,11,8,3,2,0,0,2,0,0,2,0,25887
"I, Robot","/I,-Robot.html",4,0,1,0,3,0,0,0,0,0,0,22505
"Ice Storm, The","/Ice-Storm,-The.html",17,0,4,0,1,3,2,0,0,2,0,20613
"Ides of March, The","/Ides-of-March,-The.html",18,14,0,0,2,2,2,0,1,0,0,18182
"Imaginarium of Doctor Parnassus, The","/Imaginarium-of-Doctor-Parnassus,-The.html",1,1,3,3,0,0,0,0,0,4,0,24378
In the Bedroom,/In-the-Bedroom.html,3,2,0,3,1,1,0,1,1,2,0,24847
In the Loop,/In-the-Loop.html,24,42,0,2,0,2,3,2,5,1,0,25946
Inception,/Inception.html,1,0,2,0,2,0,0,0,0,0,0,28816
Independence Day,/Independence-Day.html,5,2,7,2,0,4,3,0,0,0,0,27373
Indiana Jones and the Last Crusade,/Indiana-Jones-and-the-Last-Crusade.html,0,0,4,0,0,0,0,0,0,0,0,25241
Indiana Jones and the Raiders of the Lost Ark,/Indiana-Jones-and-the-Raiders-of-the-Lost-Ark.html,1,0,2,1,0,0,0,0,0,0,0,28829
Indiana Jones and the Temple of Doom,/Indiana-Jones-and-the-Temple-of-Doom.html,1,0,8,0,0,2,0,0,0,0,0,33593
Indiana Jones IV,/Indiana-Jones-IV.html,0,0,3,2,0,0,1,0,0,2,0,36920
"Informant, The","/Informant,-The.html",8,4,4,0,0,0,0,0,0,0,0,35316
Inglourious Basterds,/Inglourious-Basterds.html,6,15,10,3,0,9,0,0,0,0,0,34696
"Insider, The","/Insider,-The.html",5,15,2,0,0,3,3,0,0,0,0,28245
Insidious,/Insidious.html,3,3,1,2,2,0,0,0,0,0,0,22558
Insomnia,/Insomnia.html,11,9,0,4,2,4,0,0,0,3,0,25390
Interstellar,/Interstellar.html,0,0,2,0,0,2,0,0,0,0,0,36012
Interview with the Vampire,/Interview-with-the-Vampire.html,5,0,1,0,0,0,0,0,0,1,0,22986
Into the Wild,/Into-the-Wild.html,6,1,0,0,0,4,0,0,0,1,0,31705
Into the Woods,/Into-the-Woods.html,0,0,0,0,0,0,0,0,0,0,0,24033
Intolerable Cruelty,/Intolerable-Cruelty.html,4,2,2,1,0,12,0,0,0,0,0,17596
Inventing the Abbotts,/Inventing-the-Abbotts.html,21,9,6,1,3,3,3,0,0,1,0,23851
"Invention of Lying, The","/Invention-of-Lying,-The.html",7,9,3,2,3,3,0,0,0,0,2,22746
Invictus,/Invictus.html,4,0,2,0,0,1,0,0,1,1,0,28453
"Iron Lady, The","/Iron-Lady,-The.html",0,0,2,0,0,0,0,0,0,0,0,19485
"Island, The","/Island,-The.html",2,8,1,0,1,3,0,0,0,0,0,42807
It,/It.html,20,6,3,0,1,7,6,3,1,0,0,28250
It Happened One Night,/It-Happened-One-Night.html,0,0,0,0,0,0,0,0,0,0,0,35338
It Happened One Night,/It-Happened-One-Night.html,0,0,0,0,0,0,0,0,0,0,0,35338
It's a Wonderful Life,/It's-a-Wonderful-Life.html,0,0,0,0,0,0,0,0,0,0,0,34379
It's Complicated,/It's-Complicated.html,1,0,0,1,0,3,0,0,0,0,0,21525
"Italian Job, The","/Italian-Job,-The.html",15,2,3,1,2,3,0,0,1,1,0,21472
"Jacket, The","/Jacket,-The.html",9,5,0,0,0,0,0,0,0,2,0,29345
Jackie Brown,/Jackie-Brown.html,60,42,10,7,2,49,1,0,0,0,0,33492
Jacob's Ladder,/Jacob's-Ladder.html,16,5,6,6,0,1,1,0,0,2,0,35102
Jade,/Jade.html,0,0,0,0,0,0,0,0,0,0,0,19
Jane Eyre,/Jane-Eyre.html,0,0,0,0,0,0,0,0,0,0,0,28137
Jason X,/Jason-X.html,39,7,8,9,7,18,2,0,1,1,0,22744
Jaws,/Jaws.html,1,0,7,2,0,4,0,0,0,2,0,28686
Jaws 2,/Jaws-2.html,14,0,7,4,0,6,0,0,0,4,0,25080
Jay and Silent Bob Strike Back,/Jay-and-Silent-Bob-Strike-Back.html,84,112,6,31,5,32,13,6,31,1,0,25713
Jennifer Eight,/Jennifer-Eight.html,21,18,1,2,1,8,1,0,0,13,0,36596
Jennifer's Body,/Jennifer's-Body.html,13,6,1,4,0,9,2,0,1,1,0,23733
Jerry Maguire,/Jerry-Maguire.html,8,6,3,1,1,3,3,0,0,0,0,27981
Jeux Interdits,/Jeux-Interdits.html,0,0,0,0,0,0,0,0,0,0,0,26121
JFK,/JFK.html,11,12,4,3,1,5,2,0,1,3,0,54482
Jimmy and Judy,/Jimmy-and-Judy.html,33,36,6,8,1,14,1,0,0,0,2,27122
John Q,/John-Q.html,12,0,5,4,4,8,0,0,0,1,0,25163
John Wick,/John-Wick.html,9,21,0,1,0,2,0,0,0,1,1,18903
Judge Dredd,/Judge-Dredd.html,1,3,2,3,1,9,0,0,0,0,0,24168
Juno,/Juno.html,8,1,2,1,1,7,1,0,0,1,1,18968
Jurassic Park,/Jurassic-Park.html,12,0,11,1,0,1,0,0,0,2,0,31471
Jurassic Park III,/Jurassic-Park-III.html,2,0,7,0,1,0,0,0,0,0,0,19941
Kafka,/Kafka.html,0,0,1,0,0,0,0,0,0,0,0,22346
Kalifornia,/Kalifornia.html,12,10,5,6,1,6,0,0,0,0,0,26838
Kate & Leopold,/Kate-&-Leopold.html,6,1,0,1,1,0,1,0,0,0,0,21043
Kids,/Kids.html,38,35,2,11,1,8,16,3,0,2,0,17627
"Kids Are All Right, The","/Kids-Are-All-Right,-The.html",7,12,0,1,1,13,4,1,2,0,0,16723
Kill Bill Volume 1 & 2,/Kill-Bill-Volume-1-&-2.html,18,15,6,27,1,17,1,14,0,6,0,44453
Kill Your Darlings,/Kill-Your-Darlings.html,4,7,2,2,1,0,0,0,1,2,0,17733
Killing Zoe,/Killing-Zoe.html,21,31,7,5,4,4,1,5,0,3,0,18707
King Kong,/King-Kong.html,0,0,1,0,0,0,0,0,0,0,0,30566
"King of Comedy, The","/King-of-Comedy,-The.html",0,0,0,0,0,1,0,0,0,0,0,27843
"King's Speech, The","/King's-Speech,-The.html",7,10,6,0,0,0,0,0,0,4,0,22096
"Kingdom, The","/Kingdom,-The.html",5,6,3,0,0,3,0,0,0,0,0,30955
Kiss of the Spider Woman,/Kiss-of-the-Spider-Woman.html,0,0,0,0,0,0,0,0,0,0,0,24
Klute,/Klute.html,0,0,2,3,0,1,0,0,0,2,0,25009
Knocked Up,/Knocked-Up.html,52,53,2,4,11,11,12,2,1,1,0,26765
Kramer vs Kramer,/Kramer-vs-Kramer.html,9,2,2,1,0,1,0,0,0,0,0,26849
Kundun,/Kundun.html,0,0,0,0,0,0,0,0,1,0,0,23870
Kung Fu Panda,/Kung-Fu-Panda.html,0,0,0,0,0,0,0,0,0,0,0,15396
L.A. Confidential,/L.A.-Confidential.html,11,17,1,0,0,4,10,0,0,2,0,26711
La La Land,/La-La-Land.html,5,3,2,0,1,1,1,0,0,0,0,18915
Labor of Love,/Labor-of-Love.html,10,1,5,1,1,2,0,0,0,0,0,27020
Labyrinth,/Labyrinth.html,0,0,5,0,0,0,0,0,0,0,0,20712
"Ladykillers, The","/Ladykillers,-The.html",18,15,6,7,4,19,4,0,0,1,0,24915
Lake Placid,/Lake-Placid.html,11,3,0,0,1,1,0,0,0,1,0,15744
Land of the Dead,/Land-of-the-Dead.html,9,12,3,0,0,5,2,0,1,4,0,21735
Larry Crowne,/Larry-Crowne.html,1,1,3,1,2,3,4,0,1,0,0,21128
"Last Boy Scout, The","/Last-Boy-Scout,-The.html",54,59,6,21,16,8,3,0,2,11,0,30153
Last Chance Harvey,/Last-Chance-Harvey.html,4,3,1,0,1,0,0,0,0,0,0,15852
"Last Flight, The","/Last-Flight,-The.html",0,0,0,0,0,0,0,0,0,0,0,22293
"Last of the Mohicans, The","/Last-of-the-Mohicans,-The.html",0,0,2,0,0,0,0,0,1,0,0,25661
"Last Samurai, The","/Last-Samurai,-The.html",4,1,3,1,0,2,0,0,0,0,0,29057
"Last Station, The","/Last-Station,-The.html",0,0,1,1,0,0,0,0,1,0,0,19525
Last Tango in Paris,/Last-Tango-in-Paris.html,10,8,1,0,2,16,0,0,1,2,0,18338
Law Abiding Citizen,/Law-Abiding-Citizen.html,28,25,1,5,5,10,0,0,0,0,0,27800
Le Diable par la Queue,/Le-Diable-par-la-Queue.html,0,0,0,0,0,0,0,0,0,0,0,30645
Leaving Las Vegas,/Leaving-Las-Vegas.html,3,29,1,0,2,3,0,1,0,0,0,20487
Legally Blonde,/Legally-Blonde.html,1,2,2,4,1,11,5,0,2,2,0,22713
Legend,/Legend.html,1,0,2,0,0,2,1,0,1,1,0,26406
Legion,/Legion.html,10,22,4,4,1,3,0,0,1,0,0,23093
Les Miserables,/Les-Miserables.html,1,0,0,1,0,0,0,0,0,3,0,29716
Les Tontons Flingueurs,/Les-Tontons-Flingueurs.html,0,0,0,0,0,0,0,0,0,0,0,33627
Leviathan,/Leviathan.html,17,10,4,3,1,6,0,2,0,0,0,22093
Liar Liar,/Liar-Liar.html,9,0,4,1,0,4,3,0,0,4,0,18722
Life,/Life.html,14,12,24,8,1,12,1,0,0,0,0,27318
Life As A House,/Life-As-A-House.html,12,6,0,1,0,4,1,1,0,0,0,27554
"Life of David Gale, The","/Life-of-David-Gale,-The.html",12,14,3,0,0,0,4,0,0,0,0,23045
Life of Pi,/Life-of-Pi.html,0,0,0,0,0,0,0,0,0,0,0,19478
Light Sleeper,/Light-Sleeper.html,7,13,1,1,0,4,1,0,0,0,1,14165
"Limey, The","/Limey,-The.html",12,14,0,1,3,3,1,1,0,2,0,20444
Limitless,/Limitless.html,15,14,0,0,2,3,0,0,0,0,0,24460
Lincoln,/Lincoln.html,3,0,10,0,0,0,0,0,0,0,0,27766
"Lincoln Lawyer, The","/Lincoln-Lawyer,-The.html",15,5,2,5,1,3,1,0,0,2,0,25373
"Lion King, The","/Lion-King,-The.html",0,0,0,0,0,0,0,0,0,0,0,22
Little Athens,/Little-Athens.html,79,51,1,9,18,22,1,1,4,2,0,27712
"Little Mermaid, The","/Little-Mermaid,-The.html",0,0,0,0,0,0,0,0,0,0,0,8210
Little Nicky,/Little-Nicky.html,9,0,4,1,0,13,0,0,0,0,0,18966
Living in Oblivion,/Living-in-Oblivion.html,11,10,4,0,2,6,0,0,1,1,0,18156
"Lock, Stock and Two Smoking Barrels","/Lock,-Stock-and-Two-Smoking-Barrels.html",16,18,0,0,0,0,2,2,3,3,0,20422
Logan,/Logan.html,17,19,1,1,6,4,1,0,1,0,0,31020
Logan's Run,/Logan's-Run.html,0,0,4,0,0,0,0,0,0,0,0,24691
Lone Star,/Lone-Star.html,4,3,10,0,2,2,0,1,0,0,0,24546
"Long Kiss Goodnight, The","/Long-Kiss-Goodnight,-The.html",18,37,7,14,1,15,3,0,0,6,0,29376
Looper,/Looper.html,13,17,0,0,0,2,1,1,0,1,0,27058
Lord of Illusions,/Lord-of-Illusions.html,18,19,4,1,3,1,0,0,0,2,0,21351
Lord of War,/Lord-of-War.html,2,27,2,0,1,1,0,0,1,0,0,26446
"Losers, The","/Losers,-The.html",28,1,4,0,0,4,3,0,0,2,0,21136
Lost Highway,/Lost-Highway.html,7,7,4,2,1,2,8,1,0,0,0,24423
Lost Horizon,/Lost-Horizon.html,0,0,0,0,0,0,0,0,0,0,0,27395
Lost in Space,/Lost-in-Space.html,2,0,10,1,0,1,0,0,0,0,0,24345
Lost in Translation,/Lost-in-Translation.html,1,3,0,0,0,0,0,0,0,0,0,13793
Love and Basketball,/Love-and-Basketball.html,12,5,13,2,1,27,9,0,0,0,0,21903
Machete,/Machete.html,13,23,1,4,1,10,5,1,0,3,0,15288
Machine Gun Preacher,/Machine-Gun-Preacher.html,11,15,5,1,0,1,1,0,0,1,0,29475
Made,/Made.html,76,39,4,2,3,19,0,0,0,0,0,18760
Magnolia,/Magnolia.html,26,107,10,7,9,6,12,3,3,0,0,42607
"Majestic, The (The Bijou)","/Majestic,-The-(The-Bijou).html",1,0,5,0,0,1,1,0,0,0,0,28874
Major League,/Major-League.html,21,1,8,2,0,5,6,0,0,0,0,25459
Malcolm X,/Malcolm-X.html,10,0,3,4,0,2,2,0,0,4,0,31468
Malibu's Most Wanted,/Malibu's-Most-Wanted.html,6,1,31,8,0,37,0,0,1,0,0,19489
Man in the Iron Mask,/Man-in-the-Iron-Mask.html,2,0,0,0,0,0,0,0,0,0,0,27229
Man On Fire,/Man-On-Fire.html,4,9,2,0,0,6,1,0,0,0,0,27019
Man on the Moon,/Man-on-the-Moon.html,7,8,2,0,5,5,0,0,1,2,0,26414
Man Trouble,/Man-Trouble.html,9,3,8,5,1,2,1,0,0,3,0,28401
"Man Who Knew Too Much, The","/Man-Who-Knew-Too-Much,-The.html",0,0,1,0,0,0,0,0,0,0,0,37758
"Man Who Wasn't There, The","/Man-Who-Wasn't-There,-The.html",0,0,6,0,0,2,0,0,0,0,0,19828
"Manchurian Candidate, The","/Manchurian-Candidate,-The.html",12,3,1,0,0,5,1,0,0,1,0,27110
Manhattan Murder Mystery,/Manhattan-Murder-Mystery.html,0,0,2,0,0,0,0,0,0,0,0,40591
Manhunter,/Manhunter.html,5,5,2,2,1,1,0,0,0,1,0,27880
Margaret,/Margaret.html,8,12,1,1,1,6,0,0,0,0,0,38050
Margin Call,/Margin-Call.html,11,36,3,0,0,2,0,0,0,0,0,19635
Margot at the Wedding,/Margot-at-the-Wedding.html,11,13,0,1,1,3,64,0,0,0,0,19641
"Mariachi, El","/Mariachi,-El.html",0,0,0,0,1,0,0,0,0,0,0,13456
Marley & Me,/Marley-&-Me.html,0,0,2,1,0,3,1,0,0,1,0,25706
Martha Marcy May Marlene,/Martha-Marcy-May-Marlene.html,5,8,1,0,0,4,1,0,0,0,0,13866
"Martian, The","/Martian,-The.html",9,4,1,0,1,2,2,0,0,0,0,24413
Marty,/Marty.html,0,0,0,0,0,0,0,0,0,0,0,21078
Mary Poppins,/Mary-Poppins.html,0,0,0,0,0,0,0,0,0,0,0,14931
"Mask, The","/Mask,-The.html",2,0,1,5,1,2,1,0,1,1,0,26273
Master and Commander,/Master-and-Commander.html,0,0,2,0,0,0,0,0,0,0,0,24776
"Master, The","/Master,-The.html",4,8,0,0,0,3,13,3,0,0,0,22669
"Matrix Reloaded, The","/Matrix-Reloaded,-The.html",19,19,0,0,1,8,0,1,0,2,0,20986
"Matrix, The","/Matrix,-The.html",21,6,0,0,0,3,1,0,0,0,0,23786
Max Payne,/Max-Payne.html,4,0,1,1,2,0,1,0,0,0,0,23897
Mean Streets,/Mean-Streets.html,8,6,3,0,0,0,0,0,0,7,0,20489
"Mechanic, The","/Mechanic,-The.html",4,4,7,1,0,3,0,0,0,4,0,29911
Meet Joe Black,/Meet-Joe-Black.html,7,0,7,0,1,3,1,0,0,0,0,30537
Meet John Doe,/Meet-John-Doe.html,0,0,0,0,0,0,0,0,0,0,0,32616
Megamind,/Megamind.html,5,0,3,3,0,8,2,0,1,1,0,24084
Memento,/Memento.html,14,35,0,0,0,0,0,0,0,0,0,33120
Men in Black,/Men-in-Black.html,9,0,10,1,0,4,1,0,0,3,0,25631
Men in Black 3,/Men-in-Black-3.html,3,0,8,0,1,9,0,0,0,2,0,20198
"Men Who Stare at Goats, The","/Men-Who-Stare-at-Goats,-The.html",12,6,4,0,0,1,0,1,0,0,0,23543
Metro,/Metro.html,26,24,5,5,1,4,0,0,0,0,0,27671
Miami Vice,/Miami-Vice.html,6,11,1,0,0,4,0,0,0,0,0,22192
Midnight Cowboy,/Midnight-Cowboy.html,1,0,2,1,0,4,0,0,0,7,0,23208
Midnight Express,/Midnight-Express.html,17,29,2,1,4,10,0,0,2,3,0,27907
Midnight in Paris,/Midnight-in-Paris.html,0,0,4,0,0,0,0,0,0,0,0,14999
Mighty Joe Young,/Mighty-Joe-Young.html,0,0,3,0,0,3,0,0,0,2,0,28157
Milk,/Milk.html,12,5,2,0,3,2,44,0,2,0,0,24397
Miller's Crossing,/Miller's-Crossing.html,0,0,3,2,0,1,0,0,0,0,0,28908
Mimic,/Mimic.html,17,8,1,1,1,0,0,0,0,0,0,21548
Mini's First Time,/Mini's-First-Time.html,6,8,4,8,0,2,4,0,0,0,0,25046
Minority Report,/Minority-Report.html,5,7,2,1,0,0,0,0,0,2,0,28208
"Miracle Worker, The","/Miracle-Worker,-The.html",0,0,0,0,0,0,0,0,0,0,0,3515
Mirrors,/Mirrors.html,4,3,6,0,0,1,0,0,0,0,0,26365
Misery,/Misery.html,4,2,0,3,0,0,0,0,0,1,0,22401
Mission Impossible,/Mission-Impossible.html,0,0,6,4,1,4,0,0,0,1,0,22002
Mission Impossible II,/Mission-Impossible-II.html,2,0,9,3,0,2,0,0,0,2,0,24172
Mission to Mars,/Mission-to-Mars.html,2,0,6,1,0,0,0,0,0,1,0,29577
Moneyball,/Moneyball.html,7,7,0,1,1,7,2,0,0,0,0,32246
Monkeybone,/Monkeybone.html,7,0,4,0,0,15,0,1,0,3,0,27235
Monster's Ball,/Monster's-Ball.html,0,0,0,0,0,0,0,0,0,0,0,21
Monte Carlo,/Monte-Carlo.html,0,0,1,1,0,2,0,0,0,0,0,25531
Moon,/Moon.html,8,11,1,0,2,1,0,0,0,1,0,21352
Moonrise Kingdom,/Moonrise-Kingdom.html,1,0,2,0,0,0,0,0,0,0,0,25994
Moonstruck,/Moonstruck.html,1,0,1,2,0,0,0,0,0,0,0,21280
Mr Blandings Builds His Dream House,/Mr-Blandings-Builds-His-Dream-House.html,0,0,0,0,0,0,0,0,0,0,0,25838
Mr Brooks,/Mr-Brooks.html,4,10,1,1,5,5,1,0,0,0,0,27746
Mr Deeds Goes to Town,/Mr-Deeds-Goes-to-Town.html,0,0,0,0,0,0,0,0,0,0,0,30484
Mr. Holland's Opus,/Mr.-Holland's-Opus.html,0,0,0,0,0,0,0,0,0,0,0,22
Mrs. Brown,/Mrs.-Brown.html,3,0,1,0,0,0,0,0,0,0,0,17834
Mud,/Mud.html,25,0,3,3,1,9,1,0,0,0,0,30751
Mulan,/Mulan.html,0,0,0,0,0,0,0,0,1,0,0,17653
Mulholland Drive,/Mulholland-Drive.html,1,0,3,1,0,1,0,0,0,1,0,22030
Mumford,/Mumford.html,5,2,2,2,2,2,3,0,0,1,0,26971
"Mummy, The","/Mummy,-The.html",7,0,5,1,0,17,0,0,0,2,0,28405
Music of the Heart,/Music-of-the-Heart.html,4,0,2,1,1,0,0,0,0,0,0,25713
Mute Witness,/Mute-Witness.html,5,0,2,0,0,0,0,0,0,0,0,24606
My Best Friend's Wedding,/My-Best-Friend's-Wedding.html,21,4,5,3,2,2,0,0,0,0,0,27760
My Girl,/My-Girl.html,4,0,2,0,0,0,1,0,0,0,0,15440
My Mother Dreams the Satan's Disciples in New York,/My-Mother-Dreams-the-Satan's-Disciples-in-New-York.html,2,0,1,0,1,0,0,0,0,0,0,7140
My Week with Marilyn,/My-Week-with-Marilyn.html,2,5,2,0,0,1,0,0,0,1,0,30308
Mystery Men,/Mystery-Men.html,0,0,3,1,0,1,0,0,0,1,0,23219
Nashville,/Nashville.html,0,0,1,0,0,1,0,0,0,2,0,18587
Natural Born Killers,/Natural-Born-Killers.html,28,7,5,8,4,4,6,0,0,0,1,27568
Never Been Kissed,/Never-Been-Kissed.html,3,0,3,0,0,5,1,0,0,0,0,25143
"Neverending Story, The","/Neverending-Story,-The.html",0,0,0,0,0,0,0,0,0,0,0,10081
New York Minute,/New-York-Minute.html,3,0,4,0,0,1,0,0,0,0,0,20298
Newsies,/Newsies.html,0,0,3,0,0,0,0,0,0,0,0,26179
Next,/Next.html,5,0,5,2,2,3,1,0,0,3,0,25707
Next Friday,/Next-Friday.html,23,14,27,5,2,42,0,0,0,0,0,17068
"Next Three Days, The","/Next-Three-Days,-The.html",5,1,0,3,3,2,0,0,0,0,0,26451
Ni vu ni connu,/Ni-vu-ni-connu.html,0,0,0,0,0,0,0,0,0,0,0,39995
Nick of Time,/Nick-of-Time.html,7,8,1,4,0,3,0,0,0,0,0,20746
Night Time (The Poltergeist Treatment),/Night-Time-(The-Poltergeist-Treatment).html,1,0,0,0,0,0,0,0,0,0,0,10874
Nightbreed,/Nightbreed.html,17,6,10,0,3,2,0,0,0,4,0,28186
"Nightmare Before Christmas, The","/Nightmare-Before-Christmas,-The.html",0,0,0,0,0,0,0,0,0,0,0,7164
"Nightmare Before Christmas, The","/Nightmare-Before-Christmas,-The.html",0,0,0,0,0,0,0,0,0,0,0,7164
"Nightmare on Elm Street, A","/Nightmare-on-Elm-Street,-A.html",8,3,6,0,1,3,0,0,1,5,0,26958
Nine,/Nine.html,0,0,0,0,0,3,0,0,0,0,0,18973
"Nines, The","/Nines,-The.html",10,4,1,0,0,7,0,0,0,0,0,17874
Ninja Assassin,/Ninja-Assassin.html,6,14,3,1,0,1,0,0,0,0,0,21830
Ninotchka,/Ninotchka.html,0,0,0,0,0,0,0,0,0,0,0,28983
"Ninth Gate, The","/Ninth-Gate,-The.html",5,1,3,1,0,0,0,0,0,2,0,22940
No Country for Old Men,/No-Country-for-Old-Men.html,1,0,3,1,0,5,0,0,0,0,0,23018
No Strings Attached,/No-Strings-Attached.html,10,20,0,5,1,4,10,1,2,0,0,21083
Notting Hill,/Notting-Hill.html,4,2,4,1,0,2,0,0,0,0,0,17417
Nurse Betty,/Nurse-Betty.html,25,27,8,4,5,4,3,0,0,1,0,31905
Oblivion,/Oblivion.html,0,0,3,1,0,0,0,0,0,0,0,24116
Observe and Report,/Observe-and-Report.html,46,42,2,9,1,19,5,2,1,0,1,24907
Obsessed,/Obsessed.html,2,4,4,4,5,2,1,0,1,0,0,19891
Ocean's Eleven,/Ocean's-Eleven.html,14,2,1,1,0,1,0,0,0,0,0,30838
Ocean's Twelve,/Ocean's-Twelve.html,2,0,4,1,1,0,0,1,0,0,0,23821
Office Space,/Office-Space.html,22,3,2,3,3,13,0,4,0,1,0,12763
"Officer and a Gentleman, An","/Officer-and-a-Gentleman,-An.html",0,0,0,0,0,0,0,0,0,0,0,23
Omega Man,/Omega-Man.html,0,0,5,3,0,2,0,0,0,8,0,24398
One Flew Over the Cuckoo's Nest,/One-Flew-Over-the-Cuckoo's-Nest.html,6,2,1,2,2,13,0,1,1,1,0,26237
Only God Forgives,/Only-God-Forgives.html,1,12,0,1,0,0,0,0,1,0,0,20323
Ordinary People,/Ordinary-People.html,12,10,3,1,0,8,1,0,1,1,0,20863
Orgy of the Dead,/Orgy-of-the-Dead.html,0,0,0,0,0,0,0,0,0,0,0,6385
Orphan,/Orphan.html,8,3,1,3,1,0,0,0,0,0,0,31049
"Other Boleyn Girl, The","/Other-Boleyn-Girl,-The.html",0,0,1,0,0,0,0,0,0,3,0,24876
Out of Sight,/Out-of-Sight.html,39,19,2,0,4,10,11,3,0,1,0,31560
"Pacifier, The","/Pacifier,-The.html",0,0,0,0,0,5,0,0,0,0,0,24353
Pandorum,/Pandorum.html,10,3,5,1,2,1,0,0,0,3,0,29029
Panic Room,/Panic-Room.html,11,21,6,1,2,3,0,0,0,0,0,23523
Papadopoulos & Sons,/Papadopoulos-&-Sons.html,4,6,0,0,0,0,0,0,0,0,0,14959
ParaNorman,/ParaNorman.html,0,0,0,0,0,0,0,0,0,0,0,23714
Pariah,/Pariah.html,13,6,10,0,0,8,1,4,0,0,0,20473
"Passion of Joan of Arc, The","/Passion-of-Joan-of-Arc,-The.html",0,0,0,0,0,0,0,0,1,0,0,16308
"Patriot, The","/Patriot,-The.html",0,0,7,0,0,1,0,0,0,0,0,30931
Paul,/Paul.html,18,8,4,2,0,3,0,0,0,2,0,22578
Pearl Harbor,/Pearl-Harbor.html,23,5,0,6,1,4,0,0,1,1,0,34020
Peeping Tom,/Peeping-Tom.html,0,0,0,1,0,0,0,0,0,0,0,27819
Peggy Sue Got Married,/Peggy-Sue-Got-Married.html,2,0,5,1,0,0,2,0,0,0,0,24695
Perfect Creature,/Perfect-Creature.html,3,4,1,0,0,0,0,0,0,0,0,24579
"Perfect World, A","/Perfect-World,-A.html",11,0,11,1,0,9,1,1,0,0,0,31648
"Perks of Being a Wallflower, The","/Perks-of-Being-a-Wallflower,-The.html",10,0,3,2,0,9,1,2,0,0,0,21674
Pet Sematary,/Pet-Sematary.html,10,1,4,2,2,2,0,0,0,0,0,31425
Pet Sematary II,/Pet-Sematary-II.html,10,4,5,0,0,10,0,2,0,2,0,23875
Petulia,/Petulia.html,0,0,7,1,0,1,1,0,1,3,0,22335
Philadelphia,/Philadelphia.html,11,6,1,1,3,3,3,0,0,0,0,23587
Phone Booth,/Phone-Booth.html,16,13,7,2,3,7,0,0,0,4,0,18004
Pi,/Pi.html,3,3,9,0,0,1,0,0,0,3,0,15413
"Pianist, The","/Pianist,-The.html",3,2,2,1,0,0,0,0,1,1,0,21717
"Piano, The","/Piano,-The.html",2,0,4,0,0,1,0,0,0,0,0,21848
Pineapple Express,/Pineapple-Express.html,61,94,1,5,5,5,3,0,2,2,2,23015
Pirates of the Caribbean,/Pirates-of-the-Caribbean.html,0,0,2,0,0,0,0,0,0,1,0,27146
Pitch Black,/Pitch-Black.html,7,8,0,0,2,9,0,0,1,0,0,20176
"Planet of the Apes, The","/Planet-of-the-Apes,-The.html",0,0,2,0,0,0,0,0,0,0,0,24614
Platinum Blonde,/Platinum-Blonde.html,0,0,0,0,0,0,0,0,1,0,0,25152
Platoon,/Platoon.html,99,37,1,7,6,34,6,8,0,2,0,29845
Pleasantville,/Pleasantville.html,1,0,1,1,0,0,104,0,0,1,0,32979
Point Break,/Point-Break.html,28,20,4,5,5,9,6,1,0,1,0,30103
"Postman, The","/Postman,-The.html",5,0,10,0,1,4,0,0,0,1,0,29373
"Power of One, The","/Power-of-One,-The.html",1,0,5,0,0,3,0,0,0,1,0,31239
Precious,/Precious.html,13,5,6,20,0,22,0,0,0,0,0,23726
Predator,/Predator.html,9,1,2,4,0,3,0,0,0,1,0,25166
"Prestige, The","/Prestige,-The.html",1,0,1,0,0,0,0,0,0,0,0,28208
Pretty Woman,/Pretty-Woman.html,10,1,1,2,3,4,0,0,0,0,0,22611
Pretty Woman (final script),/Pretty-Woman-(final-script).html,7,2,1,0,1,2,0,0,0,1,0,41812
Pride and Prejudice,/Pride-and-Prejudice.html,0,0,5,0,0,1,0,0,0,0,0,25647
Priest,/Priest.html,6,0,2,0,0,1,0,0,0,0,0,25012
"Princess Bride, The","/Princess-Bride,-The.html",0,0,0,1,0,0,0,0,0,0,0,22423
"Private Life of Sherlock Holmes, The","/Private-Life-of-Sherlock-Holmes,-The.html",0,0,3,0,0,0,0,0,0,0,0,25879
"Producer, The","/Producer,-The.html",0,0,0,0,0,0,0,1,1,0,0,18909
"Program, The","/Program,-The.html",36,8,8,2,4,13,0,1,0,2,0,27141
Prom Night,/Prom-Night.html,0,0,4,1,2,0,0,0,0,0,0,15926
Prometheus,/Prometheus.html,2,1,4,1,0,0,0,0,0,0,0,25523
"Prophecy, The","/Prophecy,-The.html",8,5,5,8,0,1,1,0,0,0,0,25243
"Proposal, The","/Proposal,-The.html",13,0,7,3,3,9,1,0,0,0,0,24628
Psycho,/Psycho.html,0,0,0,0,0,0,0,0,0,0,0,29736
Public Enemies,/Public-Enemies.html,2,1,5,3,1,1,1,0,0,1,0,27213
Pulp Fiction,/Pulp-Fiction.html,69,34,4,13,2,38,0,0,0,1,0,28976
Punch-Drunk Love,/Punch-Drunk-Love.html,6,17,4,0,2,0,2,2,1,0,0,16532
Purple Rain,/Purple-Rain.html,10,8,3,1,2,6,2,0,0,2,0,23203
Quantum Project,/Quantum-Project.html,0,0,0,1,0,0,0,0,0,0,0,6039
Queen of the Damned,/Queen-of-the-Damned.html,1,0,2,0,0,0,0,0,0,0,0,28559
"Queen, The","/Queen,-The.html",0,0,0,0,0,0,0,0,0,0,0,19234
Rachel Getting Married,/Rachel-Getting-Married.html,7,3,0,0,0,5,0,0,0,1,0,19011
Raging Bull,/Raging-Bull.html,4,19,0,1,1,9,0,0,3,0,0,23211
Raising Arizona,/Raising-Arizona.html,11,0,13,6,0,5,2,0,0,0,0,25889
Rambling Rose,/Rambling-Rose.html,3,0,12,11,0,4,0,0,0,3,0,34589
"Reader, The","/Reader,-The.html",0,0,0,0,0,0,0,0,0,0,0,16755
Real Genius,/Real-Genius.html,2,1,1,1,2,1,1,0,0,1,0,22798
Rear Window,/Rear-Window.html,0,0,0,0,0,0,0,0,0,0,0,37778
Rebel Without A Cause,/Rebel-Without-A-Cause.html,0,0,0,0,0,0,0,0,0,0,0,23189
Red Planet,/Red-Planet.html,4,12,17,4,0,2,1,0,0,0,0,23319
Red Riding Hood,/Red-Riding-Hood.html,0,0,0,0,0,2,0,0,0,2,0,28439
Reindeer Games,/Reindeer-Games.html,14,19,6,0,0,3,0,0,0,0,0,27011
"Relic, The","/Relic,-The.html",12,0,8,1,1,2,0,0,0,1,0,29453
Remember Me,/Remember-Me.html,7,2,2,1,6,6,1,0,0,0,0,20722
"Replacements, The","/Replacements,-The.html",22,10,12,2,1,16,4,1,0,0,0,24287
Repo Man,/Repo-Man.html,28,21,17,0,7,2,0,2,0,1,1,12908
"Rescuers Down Under, The","/Rescuers-Down-Under,-The.html",0,0,0,0,0,0,0,0,0,0,0,10353
Reservoir Dogs,/Reservoir-Dogs.html,55,62,1,9,7,20,20,5,0,8,0,20443
Resident Evil,/Resident-Evil.html,30,6,6,0,3,6,0,0,0,0,0,24091
Return of the Apes,/Return-of-the-Apes.html,8,3,0,0,0,0,0,0,2,0,0,33061
"Revenant, The","/Revenant,-The.html",9,1,2,3,0,4,0,0,0,1,0,24360
Revolutionary Road,/Revolutionary-Road.html,1,5,12,0,0,3,0,0,0,1,0,17846
Ringu,/Ringu.html,0,0,0,0,0,0,0,0,0,0,0,16823
Rise of the Guardians,/Rise-of-the-Guardians.html,0,0,0,0,0,0,0,0,0,0,0,28717
Rise of the Planet of the Apes,/Rise-of-the-Planet-of-the-Apes.html,0,0,3,2,0,2,0,0,1,0,0,23142
RKO 281,/RKO-281.html,9,16,4,3,0,1,0,0,0,1,0,23968
"Road, The","/Road,-The.html",0,2,1,1,1,4,0,0,1,2,0,25774
"Rock, The","/Rock,-The.html",20,12,1,2,0,1,2,0,0,0,0,25854
RocknRolla,/RocknRolla.html,11,10,0,0,0,0,0,0,2,7,0,25114
Rocky,/Rocky.html,0,1,7,0,0,2,0,0,0,1,0,22955
"Rocky Horror Picture Show, The","/Rocky-Horror-Picture-Show,-The.html",0,1,0,0,0,0,0,0,0,0,0,15694
Romeo & Juliet,/Romeo-&-Juliet.html,0,0,0,0,0,0,0,0,0,0,0,23099
Ronin,/Ronin.html,9,13,1,5,1,6,0,0,0,1,0,28386
Room,/Room.html,3,2,1,0,0,0,0,0,0,1,0,23547
"Roommate, The","/Roommate,-The.html",8,0,3,3,2,1,0,1,0,0,0,22570
Roughshod,/Roughshod.html,0,0,0,0,0,0,0,0,0,0,0,29860
"Ruins, The","/Ruins,-The.html",5,10,0,1,0,0,0,0,0,0,0,32140
Runaway Bride,/Runaway-Bride.html,0,0,0,0,1,2,0,0,0,1,0,25732
Rush,/Rush.html,2,5,0,0,11,2,0,0,0,1,0,22306
Rush Hour,/Rush-Hour.html,26,8,6,3,13,6,0,0,0,1,0,27818
Rush Hour 2,/Rush-Hour-2.html,21,0,6,1,0,17,1,0,0,1,0,19347
Rust and Bone,/Rust-and-Bone.html,11,10,1,3,1,3,0,0,0,0,0,21883
S. Darko,/S.-Darko.html,14,19,0,2,2,5,0,0,0,2,0,24310
"Saint, The","/Saint,-The.html",1,0,2,1,0,1,0,0,0,0,0,29522
"Salton Sea, The","/Salton-Sea,-The.html",15,17,4,4,3,15,3,0,0,1,0,23022
"Sandlot Kids, The","/Sandlot-Kids,-The.html",2,0,5,0,1,1,0,0,0,0,0,20656
Save the Last Dance,/Save-the-Last-Dance.html,53,17,4,12,4,22,1,0,0,0,0,26713
Saving Mr. Banks,/Saving-Mr.-Banks.html,0,0,1,0,0,0,128,0,0,0,0,24174
Saving Private Ryan,/Saving-Private-Ryan.html,10,8,8,4,2,5,0,0,0,5,0,23201
Saw,/Saw.html,13,18,2,2,2,0,0,0,0,8,0,25580
Scarface,/Scarface.html,35,67,0,1,4,18,1,3,1,0,0,37231
Schindler's List,/Schindler's-List.html,0,1,1,0,0,0,0,0,0,0,0,30532
Scott Pilgrim vs the World,/Scott-Pilgrim-vs-the-World.html,6,6,1,8,2,22,1,0,1,0,1,25770
Scream,/Scream.html,24,18,2,4,3,5,0,0,0,0,0,22777
Scream 2,/Scream-2.html,23,2,0,5,2,4,0,0,0,0,0,21245
Scream 3,/Scream-3.html,29,14,7,3,2,5,0,1,1,2,0,19101
Se7en,/Se7en.html,6,25,4,3,0,1,1,1,0,0,0,35452
"Searchers, The","/Searchers,-The.html",0,0,0,0,0,0,0,0,0,0,0,32335
"Secret Life of Walter Mitty, The","/Secret-Life-of-Walter-Mitty,-The.html",8,8,0,0,1,1,3,0,0,0,0,24818
Semi-Pro,/Semi-Pro.html,25,12,9,1,6,10,3,1,1,0,0,24217
Sense and Sensibility,/Sense-and-Sensibility.html,0,0,0,1,0,0,0,0,1,0,0,28230
Serenity,/Serenity.html,1,0,3,0,0,3,0,0,0,1,0,26853
Serial Mom,/Serial-Mom.html,4,8,3,4,2,0,1,7,2,1,0,20013
"Sessions, The","/Sessions,-The.html",5,1,2,1,2,0,4,0,1,0,0,18182
"Seventh Seal, The","/Seventh-Seal,-The.html",0,0,4,0,0,0,0,0,0,2,0,17127
Sex and the City,/Sex-and-the-City.html,6,3,1,1,1,3,5,0,0,0,0,31958
"Sex, Lies and Videotape","/Sex,-Lies-and-Videotape.html",8,5,2,7,3,1,0,0,0,2,0,16979
Sexual Life,/Sexual-Life.html,5,5,2,0,1,4,0,0,5,0,0,16881
Shakespeare in Love,/Shakespeare-in-Love.html,1,0,0,0,0,0,0,0,0,0,0,23744
Shallow Grave,/Shallow-Grave.html,1,1,0,0,0,0,0,0,0,1,0,14165
Shame,/Shame.html,6,27,0,1,3,7,1,1,1,0,0,16141
Shampoo,/Shampoo.html,14,17,2,4,1,5,0,0,1,3,0,24171
"Shawshank Redemption, The","/Shawshank-Redemption,-The.html",50,17,20,3,2,35,2,0,0,2,0,29933
She's Out of My League,/She's-Out-of-My-League.html,28,17,3,6,0,10,6,2,1,1,1,24021
Sherlock Holmes,/Sherlock-Holmes.html,2,1,0,0,0,0,0,0,0,0,0,31451
Shifty,/Shifty.html,10,58,0,0,0,0,0,0,0,0,0,15835
"Shining, The","/Shining,-The.html",0,5,1,3,0,0,12,0,0,0,0,23863
"Shipping News, The","/Shipping-News,-The.html",4,3,2,3,0,2,0,1,0,1,0,30306
Shivers,/Shivers.html,0,0,0,0,0,0,0,0,0,0,0,20607
Shrek,/Shrek.html,0,0,2,0,0,2,0,0,0,0,0,13530
Shrek the Third,/Shrek-the-Third.html,0,0,0,0,0,0,0,0,0,0,0,22305
Sicario,/Sicario.html,8,13,2,0,0,3,0,0,1,0,0,20732
Sideways,/Sideways.html,11,31,2,2,3,3,1,0,2,1,0,25684
"Siege, The","/Siege,-The.html",11,11,2,2,2,6,0,0,0,0,0,23937
Signs,/Signs.html,1,0,1,1,0,3,0,0,0,0,3,23175
Silence of the Lambs,/Silence-of-the-Lambs.html,9,3,4,4,1,1,1,1,3,2,0,31730
Silver Bullet,/Silver-Bullet.html,10,3,7,1,0,5,0,0,0,9,0,27458
Silver Linings Playbook,/Silver-Linings-Playbook.html,20,23,2,0,3,1,0,0,0,0,0,26686
Simone,/Simone.html,1,0,4,3,0,0,0,0,0,1,0,26872
Single White Female,/Single-White-Female.html,3,1,1,3,1,0,0,0,0,0,0,29443
Sister Act,/Sister-Act.html,0,1,4,3,1,3,0,0,0,1,0,26461
Six Degrees of Separation,/Six-Degrees-of-Separation.html,2,6,2,1,0,0,0,0,0,0,0,27540
"Sixth Sense, The","/Sixth-Sense,-The.html",1,0,1,0,0,0,1,0,0,1,0,23669
Sleepless in Seattle,/Sleepless-in-Seattle.html,1,1,0,0,0,0,0,0,0,0,0,20926
Sleepy Hollow,/Sleepy-Hollow.html,0,0,10,2,0,1,0,0,0,2,0,25461
Sling Blade,/Sling-Blade.html,11,2,5,6,1,8,1,2,0,2,0,22453
Slither,/Slither.html,18,8,6,3,1,3,0,2,0,2,0,23397
Slumdog Millionaire,/Slumdog-Millionaire.html,11,2,0,0,0,0,0,1,0,1,0,26855
Smashed,/Smashed.html,16,22,4,6,2,2,1,3,0,1,0,18501
Smokin' Aces,/Smokin'-Aces.html,42,22,9,4,2,14,0,7,2,2,0,30452
Snatch,/Snatch.html,9,40,0,0,0,1,2,3,0,15,0,23730
Sneakers,/Sneakers.html,0,0,0,0,0,0,0,0,0,0,0,20
Snow Falling On Cedars,/Snow-Falling-On-Cedars.html,1,2,3,4,0,2,0,0,1,2,0,32062
Snow White and the Huntsman,/Snow-White-and-the-Huntsman.html,0,0,2,0,0,1,0,0,0,1,0,26659
So I Married an Axe Murderer,/So-I-Married-an-Axe-Murderer.html,6,1,1,4,3,5,0,0,0,1,0,20583
"Social Network, The","/Social-Network,-The.html",13,13,2,4,5,3,0,0,0,0,0,31347
Solaris,/Solaris.html,1,4,1,0,0,0,0,0,0,1,0,12857
Soldier,/Soldier.html,10,4,4,0,0,11,0,1,0,0,0,33070
Someone To Watch Over Me,/Someone-To-Watch-Over-Me.html,6,10,1,0,2,9,0,0,0,0,0,21506
Something's Gotta Give,/Something's-Gotta-Give.html,5,3,2,2,0,7,1,0,0,0,0,27732
Source Code,/Source-Code.html,5,3,1,1,1,2,0,0,0,0,0,22819
South Park,/South-Park.html,23,44,13,20,3,24,2,3,5,5,0,26547
Space Milkshake,/Space-Milkshake.html,1,1,3,2,0,1,0,1,0,2,0,18184
Spanglish,/Spanglish.html,2,0,10,0,1,2,0,0,0,0,0,29203
Spare Me,/Spare-Me.html,2,6,0,1,0,2,1,0,0,1,0,16831
Spartan,/Spartan.html,2,14,0,4,0,1,0,1,0,0,0,30372
Speed,/Speed.html,0,0,0,0,0,0,0,0,0,0,0,20
Speed Racer,/Speed-Racer.html,0,0,1,0,0,6,0,0,0,0,0,29939
Sphere,/Sphere.html,13,5,13,1,0,1,1,2,0,1,0,24193
Spider-Man,/Spider-Man.html,1,0,6,0,1,1,0,0,0,0,0,26289
St. Elmo's Fire,/St.-Elmo's-Fire.html,15,3,1,1,2,1,0,0,0,0,0,22465
Star Trek,/Star-Trek.html,11,3,12,2,0,7,0,0,0,3,0,33222
Starman,/Starman.html,9,0,4,1,1,2,0,0,0,1,0,30391
Starship Troopers,/Starship-Troopers.html,0,0,0,2,0,2,0,0,0,0,0,24285
State and Main,/State-and-Main.html,2,3,2,1,0,4,1,0,0,0,0,22953
Station West,/Station-West.html,0,0,0,0,0,0,0,0,0,0,0,25705
Stepmom,/Stepmom.html,7,4,5,3,2,2,3,0,0,0,0,28482
"Sting, The","/Sting,-The.html",2,2,1,1,0,2,2,0,0,2,0,26434
Stir of Echoes,/Stir-of-Echoes.html,10,11,3,3,3,5,0,0,0,0,0,26515
Storytelling,/Storytelling.html,5,19,1,2,0,2,0,0,0,0,0,9125
Straight Outta Compton,/Straight-Outta-Compton.html,150,96,20,6,2,35,4,7,0,11,0,33230
Strange Days,/Strange-Days.html,31,13,6,6,2,7,0,1,0,1,0,36167
Strangers on a Train,/Strangers-on-a-Train.html,0,0,0,0,0,0,0,0,0,0,0,29058
"Stuntman, The","/Stuntman,-The.html",12,3,10,16,2,23,1,0,2,7,1,34601
Sugar,/Sugar.html,14,5,2,0,2,0,0,0,1,0,0,25027
Sugar and Spice,/Sugar-and-Spice.html,27,6,1,5,0,19,1,0,0,1,0,18508
Sunset Blvd.,/Sunset-Blvd..html,0,0,0,0,0,0,0,0,0,0,0,24598
Sunshine Cleaning,/Sunshine-Cleaning.html,17,5,5,0,1,4,1,1,0,7,0,22711
Super 8,/Super-8.html,19,2,3,1,2,4,2,4,0,0,1,26518
Superbad,/Superbad.html,67,51,2,6,5,21,19,10,3,3,3,23919
Superfights,/Superfights.html,0,0,0,0,0,0,0,0,0,0,0,19
Supergirl,/Supergirl.html,0,0,0,1,0,1,0,0,0,0,0,26289
"Surfer King, The","/Surfer-King,-The.html",0,0,0,0,0,0,3,0,0,0,0,21311
Surrogates,/Surrogates.html,1,0,5,1,2,5,0,0,0,1,0,24929
Suspect Zero,/Suspect-Zero.html,11,13,2,0,2,2,0,0,0,0,0,30652
"Sweet Hereafter, The","/Sweet-Hereafter,-The.html",1,1,0,0,0,0,0,0,0,1,0,17486
Sweet Smell of Success,/Sweet-Smell-of-Success.html,0,0,0,0,0,0,0,0,0,0,0,37942
Swingers,/Swingers.html,22,9,2,26,12,4,3,0,0,0,0,17915
Swordfish,/Swordfish.html,16,14,1,2,1,10,2,0,2,0,0,20964
"Synecdoche, New York","/Synecdoche,-New-York.html",5,19,0,0,1,4,0,2,0,0,0,28291
Syriana,/Syriana.html,12,8,2,0,1,3,0,0,0,0,0,29622
Take Shelter,/Take-Shelter.html,11,1,1,0,0,1,0,0,0,0,0,20887
Taking Lives,/Taking-Lives.html,11,5,2,2,3,3,2,0,0,0,0,22071
"Taking of Pelham One Two Three, The","/Taking-of-Pelham-One-Two-Three,-The.html",17,6,3,2,1,7,0,0,0,6,0,29980
Taking Sides,/Taking-Sides.html,4,3,0,0,0,0,1,0,0,2,0,15737
"Talented Mr. Ripley, The","/Talented-Mr.-Ripley,-The.html",0,2,1,0,0,2,4,0,1,2,0,21555
Tall in the Saddle,/Tall-in-the-Saddle.html,0,0,0,0,0,0,0,0,0,0,0,30789
Tamara Drewe,/Tamara-Drewe.html,11,22,1,2,2,0,1,0,2,5,0,24297
Taxi Driver,/Taxi-Driver.html,8,13,7,2,2,2,0,3,1,1,0,25631
Ted,/Ted.html,39,31,0,1,11,8,2,1,4,2,1,27892
Terminator,/Terminator.html,4,6,2,1,3,1,0,0,0,2,0,29281
Terminator Salvation,/Terminator-Salvation.html,5,2,4,1,0,3,0,0,0,0,0,25096
Thelma & Louise,/Thelma-&-Louise.html,43,5,10,5,6,9,2,0,1,0,0,25343
"Theory of Everything, The","/Theory-of-Everything,-The.html",0,0,1,0,0,0,0,0,0,1,0,20119
There's Something About Mary,/There's-Something-About-Mary.html,21,23,2,4,2,7,2,2,3,0,0,23732
They,/They.html,7,3,3,0,0,3,0,0,0,0,0,23317
"Thing, The","/Thing,-The.html",9,4,22,1,0,6,0,0,0,3,0,23062
"Things My Father Never Taught Me, The","/Things-My-Father-Never-Taught-Me,-The.html",0,0,0,0,0,0,0,0,0,0,0,1616
Thirteen Days,/Thirteen-Days.html,12,0,5,0,1,9,0,0,0,2,0,34918
This Boy's Life,/This-Boy's-Life.html,10,9,11,2,0,6,2,6,0,1,0,27551
This is 40,/This-is-40.html,14,36,6,6,7,7,13,1,0,0,0,24032
Thor,/Thor.html,0,0,1,0,0,1,0,0,0,2,0,32066
Thor Ragnarok,/Thor-Ragnarok.html,3,0,2,1,0,7,0,0,0,0,0,26783
Three Kings,/Three-Kings.html,17,18,3,1,0,14,4,0,0,0,0,26367
Three Kings (Spoils of War),/Three-Kings-(Spoils-of-War).html,4,2,9,6,0,9,0,2,0,2,0,26812
Three Men and a Baby,/Three-Men-and-a-Baby.html,34,2,10,6,8,20,0,0,0,2,0,29591
"Three Musketeers, The","/Three-Musketeers,-The.html",0,0,2,0,0,0,0,0,0,0,0,29997
Thunderbirds,/Thunderbirds.html,0,0,2,0,0,1,0,0,0,0,0,12433
Thunderheart,/Thunderheart.html,19,12,5,1,1,10,0,0,0,0,0,31283
Ticker,/Ticker.html,11,10,2,2,1,0,0,2,0,1,0,16061
Timber Falls,/Timber-Falls.html,6,19,4,3,2,3,0,0,0,1,0,22026
"Time Machine, The","/Time-Machine,-The.html",0,0,0,0,0,0,0,0,0,0,0,24122
Tin Cup,/Tin-Cup.html,16,7,11,1,2,21,1,2,0,1,0,27495
Tin Men,/Tin-Men.html,10,8,11,14,4,11,0,0,0,0,0,32194
Tinker Tailor Soldier Spy,/Tinker-Tailor-Soldier-Spy.html,0,3,10,0,0,0,0,0,0,1,0,26724
Titanic,/Titanic.html,9,0,7,1,0,1,0,0,0,4,0,44596
TMNT,/TMNT.html,0,0,0,0,0,4,0,0,1,0,0,23482
To Sleep with Anger,/To-Sleep-with-Anger.html,0,0,9,0,0,5,0,0,0,0,0,23779
Tombstone,/Tombstone.html,1,0,23,5,0,4,1,0,0,4,0,31705
Tomorrow Never Dies,/Tomorrow-Never-Dies.html,0,0,5,0,0,1,0,0,0,3,0,34361
Top Gun,/Top-Gun.html,14,0,5,5,1,2,0,0,0,0,0,25428
Total Recall,/Total-Recall.html,4,2,0,0,0,0,0,0,1,3,0,19750
"Tourist, The","/Tourist,-The.html",3,0,0,0,0,0,0,0,0,0,0,19474
Toy Story,/Toy-Story.html,0,0,0,0,0,0,0,0,0,0,0,22506
Traffic,/Traffic.html,12,22,3,0,1,1,0,0,0,0,0,30910
Training Day,/Training-Day.html,91,49,4,11,5,34,5,2,0,1,0,21170
Trainspotting,/Trainspotting.html,5,25,0,0,0,0,1,1,0,3,0,17871
Tremors,/Tremors.html,8,4,28,8,4,15,0,0,0,5,0,25893
Tristan and Isolde,/Tristan-and-Isolde.html,0,0,0,0,0,0,0,0,0,0,0,8180
TRON,/TRON.html,0,0,2,0,0,0,0,0,0,0,0,25368
Tropic Thunder,/Tropic-Thunder.html,23,18,1,4,1,20,1,4,1,3,0,22428
True Grit,/True-Grit.html,0,0,6,3,0,1,1,0,1,1,0,25570
True Lies,/True-Lies.html,13,1,4,14,0,2,0,1,0,1,0,31951
True Romance,/True-Romance.html,57,50,2,13,8,35,182,21,0,1,1,28059
"Truman Show, The","/Truman-Show,-The.html",3,7,5,0,0,0,0,0,0,0,0,29975
Twilight,/Twilight.html,0,0,0,0,0,1,0,1,0,0,0,22892
Twin Peaks,/Twin-Peaks.html,5,1,9,0,0,1,0,0,0,0,0,25029
Twins,/Twins.html,12,1,3,1,2,1,0,0,0,0,0,24666
Two For The Money,/Two-For-The-Money.html,20,51,5,5,6,11,0,0,1,2,0,27812
U Turn,/U-Turn.html,24,28,11,10,5,13,1,5,0,3,0,28503
"Ugly Truth, The","/Ugly-Truth,-The.html",8,8,1,3,0,7,1,2,7,0,0,22685
Un Singe en Hiver,/Un-Singe-en-Hiver.html,0,0,0,0,0,0,0,0,0,0,0,33357
Unbreakable,/Unbreakable.html,4,0,2,1,0,3,0,0,0,0,0,25129
Under Fire,/Under-Fire.html,4,13,7,2,0,4,1,0,1,3,0,28487
Unknown,/Unknown.html,1,1,3,1,0,0,0,0,0,0,0,27563
Up,/Up.html,0,0,0,0,0,0,0,0,0,0,0,17679
Up in the Air,/Up-in-the-Air.html,8,16,0,0,3,5,0,1,0,0,0,20947
"Usual Suspects, The","/Usual-Suspects,-The.html",18,14,2,2,1,9,2,0,1,2,0,26118
V for Vendetta,/V-for-Vendetta.html,2,5,7,1,0,1,0,0,1,7,0,26947
Valkyrie,/Valkyrie.html,4,2,5,0,0,0,0,0,1,1,0,24870
Vanilla Sky,/Vanilla-Sky.html,6,15,0,2,2,0,1,0,0,1,0,20840
"Verdict, The","/Verdict,-The.html",2,4,3,0,0,3,5,0,0,0,0,22393
Vertigo,/Vertigo.html,0,0,0,0,0,0,0,0,0,0,0,20
Very Bad Things,/Very-Bad-Things.html,7,14,1,1,3,5,0,0,0,1,0,19312
Virtuosity,/Virtuosity.html,9,1,1,8,2,4,0,0,0,1,0,27151
"Visitor, The","/Visitor,-The.html",2,1,1,0,0,0,0,0,0,0,0,17313
Wag the Dog,/Wag-the-Dog.html,5,20,0,0,0,1,3,0,0,0,0,28076
"Walk to Remember, A","/Walk-to-Remember,-A.html",2,0,0,0,0,0,1,0,0,0,0,20152
Walking Tall,/Walking-Tall.html,1,1,0,1,1,0,0,0,0,0,0,6989
Wall Street,/Wall-Street.html,4,1,5,5,1,6,3,0,0,0,0,31607
Wall-E,/Wall-E.html,0,0,0,0,0,0,0,0,0,0,0,18517
Wanted,/Wanted.html,8,14,12,4,0,10,1,0,1,2,0,24968
War for the Planet of the Apes,/War-for-the-Planet-of-the-Apes.html,1,0,0,0,0,0,0,0,2,0,0,31195
War Horse,/War-Horse.html,0,0,2,0,0,0,0,0,0,2,0,25438
War of the Worlds,/War-of-the-Worlds.html,10,0,5,0,1,2,1,0,0,0,0,17205
Warm Springs,/Warm-Springs.html,0,0,6,3,0,0,0,0,0,1,0,21977
Warrior,/Warrior.html,13,1,1,0,0,1,5,0,2,0,0,24349
Watchmen,/Watchmen.html,4,0,8,2,3,0,1,0,0,2,0,28245
Water for Elephants,/Water-for-Elephants.html,7,0,5,0,0,3,7,0,0,0,0,29466
"Way Back, The","/Way-Back,-The.html",3,1,4,0,0,0,0,0,0,2,0,26136
We Own the Night,/We-Own-the-Night.html,12,11,0,0,0,5,2,3,0,0,0,32315
What Lies Beneath,/What-Lies-Beneath.html,3,1,1,2,0,3,0,0,0,0,0,19511
When a Stranger Calls,/When-a-Stranger-Calls.html,0,0,1,0,0,0,0,0,0,0,0,20091
When Harry Met Sally,/When-Harry-Met-Sally.html,0,0,0,0,0,0,0,0,0,0,0,23
While She Was Out,/While-She-Was-Out.html,14,5,4,12,2,11,1,5,0,2,0,23387
"Whistleblower, The","/Whistleblower,-The.html",3,13,1,1,0,1,0,1,0,0,0,26838
White Christmas,/White-Christmas.html,0,0,0,0,0,0,0,0,0,0,0,16943
White Jazz,/White-Jazz.html,15,21,8,2,3,11,6,1,2,0,0,27489
"White Ribbon, The","/White-Ribbon,-The.html",0,0,2,0,0,0,0,0,1,1,0,29670
White Squall,/White-Squall.html,9,3,7,7,0,1,2,0,0,2,0,28571
Whiteout,/Whiteout.html,7,2,4,2,0,4,0,0,0,1,0,21920
Who's Your Daddy,/Who's-Your-Daddy.html,4,3,1,0,0,6,4,0,0,2,0,22104
Wild At Heart,/Wild-At-Heart.html,23,22,8,5,4,3,1,5,1,1,0,28486
"Wild Bunch, The","/Wild-Bunch,-The.html",0,0,14,4,0,4,0,0,0,0,0,28857
Wild Hogs,/Wild-Hogs.html,12,0,9,8,3,10,0,0,1,1,0,26527
Wild Things,/Wild-Things.html,22,8,1,6,0,8,0,0,0,0,0,26205
Wild Wild West,/Wild-Wild-West.html,4,1,9,0,0,9,0,0,0,1,0,29864
Willow,/Willow.html,0,0,0,0,0,0,0,0,0,0,0,24080
Win Win,/Win-Win.html,30,10,3,0,2,1,0,0,0,0,0,20729
Wind Chill,/Wind-Chill.html,10,1,2,0,4,4,0,0,0,2,0,21630
Withnail and I,/Withnail-and-I.html,1,6,0,1,0,0,0,0,0,16,0,14421
Witness,/Witness.html,5,2,0,2,0,1,0,0,0,2,0,22932
"Wizard of Oz, The","/Wizard-of-Oz,-The.html",0,0,0,0,0,0,0,0,0,0,0,30621
"Wolf of Wall Street, The","/Wolf-of-Wall-Street,-The.html",32,58,0,3,3,10,4,3,6,0,1,31423
Wonder Boys,/Wonder-Boys.html,10,4,2,1,0,2,2,0,0,1,0,25898
"Woodsman, The","/Woodsman,-The.html",14,6,3,1,4,2,0,0,0,0,0,18020
"World is not Enough, The","/World-is-not-Enough,-The.html",0,0,0,0,0,1,0,0,1,0,0,26520
"Wrestler, The","/Wrestler,-The.html",23,15,3,2,5,14,1,1,0,0,0,22170
X-Men,/X-Men.html,0,0,1,0,0,1,0,1,0,0,0,27706
xXx,/xXx.html,12,0,8,4,0,10,1,0,0,2,0,25542
Year One,/Year-One.html,4,0,2,0,1,7,1,0,1,0,0,24227
Yes Man,/Yes-Man.html,9,2,0,2,2,0,1,0,0,0,0,22832
You Can Count On Me,/You-Can-Count-On-Me.html,9,1,2,1,2,2,0,0,0,0,0,19340
You've Got Mail,/You've-Got-Mail.html,5,4,1,1,1,1,1,0,0,0,0,25300
Youth in Revolt,/Youth-in-Revolt.html,5,3,5,0,4,5,1,1,2,1,0,26709
Zero Dark Thirty,/Zero-Dark-Thirty.html,3,14,1,1,1,3,1,0,0,0,0,22200
Zerophilia,/Zerophilia.html,4,12,6,3,4,5,0,0,0,1,0,15061
Zootopia,/Zootopia.html,0,0,0,0,0,0,0,0,0,0,0,20601
