,Unnamed: 0,index,Movie_Title,Movie_Links,shit,fuck,damn,bitch,asshole,ass,dick,pussy,cock,bastard,douche,total_words
0,66,66,10 Things I Hate About You,/10-Things-I-Hate-About-You.html,8,2,3,5,3,7,2,1,0,0,0,19152
1,67,67,12,/12.html,1,0,1,0,1,0,0,1,0,2,0,14144
2,68,68,12 and Holding,/12-and-Holding.html,10,4,3,1,5,4,0,7,0,1,0,18999
3,69,69,12 Monkeys,/12-Monkeys.html,4,5,2,2,1,3,0,1,0,2,0,32272
4,70,70,12 Years a Slave,/12-Years-a-Slave.html,0,0,12,1,0,0,0,0,0,3,0,31014
5,71,71,127 Hours,/127-Hours.html,10,10,1,0,0,3,0,0,0,0,0,18959
7,73,73,15 Minutes,/15-Minutes.html,15,1,1,0,2,1,0,0,0,3,0,26049
8,74,74,17 Again,/17-Again.html,1,0,1,1,0,0,1,0,0,2,0,19103
9,75,75,187,/187.html,20,16,11,11,3,7,0,1,0,2,0,26364
11,77,77,2012,/2012.html,6,0,5,0,0,4,0,0,0,4,0,26650
13,79,79,30 Minutes or Less,/30-Minutes-or-Less.html,61,92,5,10,9,6,4,4,3,0,0,24500
14,80,80,42,/42.html,3,0,4,2,0,1,0,0,0,2,0,28607
15,81,81,44 Inch Chest,/44-Inch-Chest.html,6,34,0,4,0,0,0,0,4,6,0,21746
16,82,82,48 Hrs.,/48-Hrs..html,29,13,7,7,9,22,1,3,1,3,0,21550
17,83,83,50-50,/50-50.html,12,14,2,2,1,3,1,3,0,0,1,22069
18,84,84,500 Days of Summer,/500-Days-of-Summer.html,20,2,3,3,1,3,0,1,1,0,16,18698
20,86,86,8MM,/8MM.html,6,23,0,1,0,2,0,2,0,0,0,32332
21,87,87,9,/9.html,0,0,0,0,0,0,0,0,0,0,0,17521
22,88,88,A Few Good Men,/A-Few-Good-Men.html,12,5,7,0,1,4,0,0,0,1,0,28546
23,89,89,A Most Violent Year,/A-Most-Violent-Year.html,7,12,1,0,0,1,0,1,0,0,0,27272
24,90,90,A Scanner Darkly,/A-Scanner-Darkly.html,25,44,1,0,1,3,1,0,1,3,0,28460
25,91,91,A Serious Man,/A-Serious-Man.html,5,1,0,0,3,1,6,0,0,1,0,22459
27,93,93,Above the Law,/Above-the-Law.html,5,11,1,0,3,11,1,2,0,2,0,28233
28,94,94,Absolute Power,/Absolute-Power.html,9,3,4,1,4,1,0,0,0,3,0,25497
29,95,95,"Abyss, The","/Abyss,-The.html",12,1,4,9,0,5,1,1,0,0,0,32277
31,97,97,Adaptation,/Adaptation.html,11,16,3,1,2,5,0,0,0,0,0,26438
32,98,98,"Addams Family, The","/Addams-Family,-The.html",0,0,2,0,0,0,0,0,0,0,0,8670
33,99,99,"Adjustment Bureau, The","/Adjustment-Bureau,-The.html",6,2,0,1,0,2,1,1,0,2,0,25433
34,100,100,"Adventures of Buckaroo Banzai Across the Eighth Dimension, The","/Adventures-of-Buckaroo-Banzai-Across-the-Eighth-Dimension,-The.html",6,0,13,0,1,2,0,0,0,0,0,25903
35,101,101,Affliction,/Affliction.html,17,18,4,0,5,3,0,0,0,4,0,16881
36,102,102,After School Special,/After-School-Special.html,14,1,1,0,4,4,3,2,0,1,0,23453
37,103,103,After.Life,/After.Life.html,6,9,0,1,0,0,0,0,0,0,0,22177
38,104,104,Agnes of God,/Agnes-of-God.html,0,0,1,1,0,0,0,0,0,0,0,14493
39,105,105,Air Force One,/Air-Force-One.html,8,7,1,1,4,2,0,0,0,2,0,27003
40,106,106,Airplane,/Airplane.html,4,0,2,0,1,1,0,0,0,1,0,19650
42,108,108,Aladdin,/Aladdin.html,0,0,0,0,0,0,0,0,0,0,0,17926
43,109,109,Ali,/Ali.html,1,5,4,0,0,3,8,0,0,0,0,33431
44,110,110,Alien,/Alien.html,4,0,8,0,0,0,0,0,0,2,0,22776
45,111,111,Alien 3,/Alien-3.html,6,1,2,0,0,2,0,0,0,3,0,22187
46,112,112,Alien Nation,/Alien-Nation.html,17,2,5,5,2,6,1,0,0,0,0,26090
47,113,113,Alien vs. Predator,/Alien-vs.-Predator.html,16,3,2,0,0,3,1,0,0,1,0,29649
49,115,115,Aliens,/Aliens.html,10,11,1,3,1,2,0,0,0,1,0,28743
50,116,116,All About Eve,/All-About-Eve.html,0,0,1,0,0,0,0,0,0,0,0,30500
51,117,117,All About Steve,/All-About-Steve.html,1,0,2,1,7,1,0,0,0,1,0,23620
52,118,118,All the King's Men,/All-the-King's-Men.html,0,0,0,0,0,0,0,0,0,0,0,23469
53,119,119,All the President's Men,/All-the-President's-Men.html,9,11,1,1,0,1,1,0,0,2,0,25148
54,120,120,Almost Famous,/Almost-Famous.html,3,10,4,0,2,3,100,0,0,0,0,36396
55,121,121,Alone in the Dark,/Alone-in-the-Dark.html,1,1,1,0,2,1,0,0,0,0,0,24987
56,122,122,Amadeus,/Amadeus.html,6,2,3,0,0,0,0,0,0,0,0,36645
57,123,123,Amelia,/Amelia.html,1,0,4,0,1,3,0,0,0,0,0,27090
58,124,124,American Beauty,/American-Beauty.html,10,13,2,2,4,1,6,2,0,1,0,21334
59,125,125,American Gangster,/American-Gangster.html,6,31,1,1,0,3,0,0,0,0,0,31545
60,126,126,American Graffiti,/American-Graffiti.html,10,0,5,1,1,6,1,0,0,0,0,28091
61,127,127,American History X,/American-History-X.html,50,38,3,10,9,16,6,7,0,1,0,20868
62,128,128,American Hustle,/American-Hustle.html,18,23,2,5,0,4,10,0,0,0,0,32053
63,129,129,American Madness,/American-Madness.html,0,0,0,0,0,0,0,0,0,0,0,24822
64,130,130,American Milkshake,/American-Milkshake.html,22,10,9,0,4,6,2,0,0,0,0,18064
65,131,131,American Outlaws,/American-Outlaws.html,2,0,10,0,0,1,0,0,0,2,0,21763
66,132,132,American Pie,/American-Pie.html,26,16,9,0,2,4,0,1,0,0,0,21482
67,133,133,"American President, The","/American-President,-The.html",5,3,9,0,0,6,0,0,0,0,0,27167
68,134,134,American Psycho,/American-Psycho.html,5,7,0,10,5,3,0,1,0,8,0,21294
70,136,136,American Sniper,/American-Sniper.html,26,29,3,1,1,20,3,0,0,1,0,23830
71,137,137,American Splendor,/American-Splendor.html,14,0,7,1,2,4,0,0,0,1,0,20210
72,138,138,American Werewolf in London,/American-Werewolf-in-London.html,6,5,1,0,2,2,0,0,0,0,0,16977
73,139,139,"American, The","/American,-The.html",6,3,1,0,0,0,1,0,0,0,0,24104
74,140,140,"Amityville Asylum, The","/Amityville-Asylum,-The.html",9,14,2,4,0,0,0,1,1,0,0,17991
75,141,141,Amour,/Amour.html,0,1,0,0,0,0,0,0,0,0,0,14391
76,142,142,An Education,/An-Education.html,0,0,0,0,0,1,0,0,0,1,0,23256
77,143,143,Analyze That,/Analyze-That.html,20,14,1,3,7,1,0,5,1,0,0,22828
78,144,144,Analyze This,/Analyze-This.html,14,15,2,2,2,6,1,0,0,4,0,23765
79,145,145,Anastasia,/Anastasia.html,0,0,0,0,0,0,0,0,0,0,0,21265
80,146,146,Angel Eyes,/Angel-Eyes.html,9,0,8,3,2,7,0,0,0,2,0,28212
81,147,147,Angels & Demons,/Angels-&-Demons.html,1,0,5,0,0,1,0,0,0,2,0,30054
82,148,148,Anna Karenina,/Anna-Karenina.html,0,0,2,0,0,0,0,0,0,0,0,28583
83,149,149,Annie Hall,/Annie-Hall.html,0,0,0,0,1,1,4,0,0,0,0,28560
84,150,150,"Anniversary Party, The","/Anniversary-Party,-The.html",15,26,7,3,1,2,0,0,0,1,0,17487
85,151,151,Anonymous,/Anonymous.html,0,0,1,0,0,1,0,0,1,1,0,27996
86,152,152,Antitrust,/Antitrust.html,4,0,2,0,0,2,0,0,0,0,0,26022
87,153,153,Antz,/Antz.html,0,0,2,0,0,1,0,0,0,0,0,18345
88,154,154,"Apartment, The","/Apartment,-The.html",0,0,2,0,0,0,0,0,0,0,0,30893
89,155,155,Apocalypse Now,/Apocalypse-Now.html,14,5,11,8,4,1,0,0,0,0,0,30121
91,157,157,April Fool's Day,/April-Fool's-Day.html,12,13,0,0,2,3,0,0,0,1,0,21396
92,158,158,Apt Pupil,/Apt-Pupil.html,4,22,2,1,0,0,95,0,0,1,0,30395
93,159,159,Arbitrage,/Arbitrage.html,2,22,1,1,0,3,0,0,0,0,0,18864
94,160,160,Arcade,/Arcade.html,14,7,0,2,0,1,1,0,0,1,0,22926
95,161,161,Arctic Blue,/Arctic-Blue.html,13,10,11,1,1,6,0,0,1,3,0,27560
96,162,162,Argo,/Argo.html,2,11,1,0,0,1,1,0,0,0,0,24189
97,163,163,Armageddon,/Armageddon.html,12,2,2,3,0,15,1,1,0,1,0,28440
98,164,164,Army of Darkness,/Army-of-Darkness.html,1,0,6,1,0,1,0,0,0,0,0,16184
99,165,165,Arsenic and Old Lace,/Arsenic-and-Old-Lace.html,0,0,0,0,0,0,0,0,0,0,0,33407
100,166,166,Arthur,/Arthur.html,12,5,1,2,0,4,0,0,0,1,0,22411
101,167,167,"Artist, The","/Artist,-The.html",0,0,0,0,0,1,0,0,0,0,0,15321
102,168,168,As Good As It Gets,/As-Good-As-It-Gets.html,3,2,2,3,0,4,0,0,0,1,0,21638
103,169,169,Assassins,/Assassins.html,25,21,2,5,0,5,0,1,0,0,0,23561
104,170,170,"Assignment, The","/Assignment,-The.html",17,18,1,7,5,5,0,5,0,2,0,33690
105,171,171,At First Sight,/At-First-Sight.html,4,1,3,0,0,0,0,0,0,0,0,27557
107,173,173,Austin Powers - International Man of Mystery,/Austin-Powers---International-Man-of-Mystery.html,1,0,2,0,0,2,0,1,0,1,0,19996
108,174,174,Austin Powers - The Spy Who Shagged Me,/Austin-Powers---The-Spy-Who-Shagged-Me.html,4,0,1,1,0,14,1,0,0,59,0,17982
109,175,175,Authors Anonymous,/Authors-Anonymous.html,3,0,2,0,0,1,0,1,0,1,0,21745
110,176,176,Autumn in New York,/Autumn-in-New-York.html,4,1,8,2,1,3,0,0,0,0,0,24333
111,177,177,Avatar,/Avatar.html,13,0,8,8,1,9,0,1,1,0,0,35757
112,178,178,"Avengers, The","/Avengers,-The.html",0,0,2,0,0,0,0,0,0,1,0,23541
113,179,179,"Avengers, The (2012)","/Avengers,-The-(2012).html",11,4,3,1,0,6,0,0,0,0,0,24891
114,180,180,"Avventura, L' (The Adventure)","/Avventura,-L'-(The-Adventure).html",0,0,0,0,0,0,0,0,0,0,0,30415
115,181,181,Awakenings,/Awakenings.html,0,0,0,0,0,0,1,0,0,0,0,32071
116,182,182,Babel,/Babel.html,4,9,7,1,4,3,0,1,0,0,0,27169
117,183,183,Bachelor Party,/Bachelor-Party.html,21,2,2,1,5,6,4,0,0,0,0,22948
118,184,184,"Bachelor Party, The","/Bachelor-Party,-The.html",0,0,0,0,0,0,0,0,0,0,0,26622
119,185,185,Back to the Future,/Back-to-the-Future.html,0,0,0,0,0,0,0,0,0,0,0,23
120,186,186,Back to the Future II & III,/Back-to-the-Future-II-&-III.html,0,0,0,0,0,0,0,0,0,0,0,24
121,187,187,"Back-up Plan, The","/Back-up-Plan,-The.html",9,9,2,2,1,15,0,0,0,0,0,21320
122,188,188,Backdraft,/Backdraft.html,17,9,5,13,3,10,0,2,0,1,0,27934
123,189,189,Bad Boys,/Bad-Boys.html,29,27,5,1,3,17,8,3,0,0,0,27096
124,190,190,Bad Country,/Bad-Country.html,19,43,10,1,0,7,1,0,0,0,0,23423
125,191,191,Bad Day at Black Rock,/Bad-Day-at-Black-Rock.html,0,0,0,0,0,0,0,0,0,0,0,22482
126,192,192,Bad Dreams,/Bad-Dreams.html,17,9,7,0,1,2,1,0,0,1,0,24130
127,193,193,Bad Lieutenant,/Bad-Lieutenant.html,18,17,0,0,2,1,0,1,0,1,0,15354
128,194,194,Bad Santa,/Bad-Santa.html,41,62,0,9,3,21,5,4,0,1,0,16368
129,195,195,Bad Teacher,/Bad-Teacher.html,10,15,2,2,0,7,1,0,0,0,0,21724
130,196,196,Badlands,/Badlands.html,0,0,3,0,0,1,0,0,0,0,0,14790
131,197,197,Bamboozled,/Bamboozled.html,1,1,9,1,0,13,0,0,0,1,0,24967
132,198,198,Barry Lyndon,/Barry-Lyndon.html,0,0,0,0,0,0,0,0,1,0,0,33449
133,199,199,Barton Fink,/Barton-Fink.html,4,1,6,3,0,6,1,0,0,1,0,22274
134,200,200,Basic,/Basic.html,10,33,1,3,0,6,2,0,0,0,0,22961
135,201,201,Basic Instinct,/Basic-Instinct.html,2,20,2,1,0,3,0,2,0,0,0,20608
136,202,202,Basquiat,/Basquiat.html,13,10,3,0,2,0,1,1,0,0,0,19459
137,203,203,Batman,/Batman.html,6,1,0,1,0,1,51,0,0,0,0,32586
138,204,204,Batman 2,/Batman-2.html,9,1,1,5,0,4,65,0,0,0,0,38338
143,209,209,"Battle of Algiers, The","/Battle-of-Algiers,-The.html",1,0,0,1,0,0,0,0,0,3,0,33622
144,210,210,"Battle of Shaker Heights, The","/Battle-of-Shaker-Heights,-The.html",5,9,4,2,1,1,0,0,0,0,0,18710
146,212,212,"Beach, The","/Beach,-The.html",6,5,1,0,1,0,1,4,0,0,0,18774
147,213,213,Bean,/Bean.html,1,0,9,1,0,4,0,0,0,0,0,29971
148,214,214,Beasts of No Nation,/Beasts-of-No-Nation.html,0,0,0,0,0,1,0,0,0,0,0,25506
149,215,215,Beasts of the Southern Wild,/Beasts-of-the-Southern-Wild.html,2,1,5,1,0,4,0,0,1,1,0,16335
150,216,216,Beauty and the Beast,/Beauty-and-the-Beast.html,0,0,0,0,0,0,11,0,0,0,0,23948
151,217,217,Beavis and Butt-head Do America,/Beavis-and-Butt-head-Do-America.html,0,0,12,0,0,15,0,0,0,0,0,18754
152,218,218,Beginners,/Beginners.html,0,4,0,0,0,1,0,0,0,0,0,18842
153,219,219,Being Human,/Being-Human.html,1,2,1,0,0,0,0,0,0,0,0,40255
154,220,220,Being John Malkovich,/Being-John-Malkovich.html,12,7,6,2,0,1,2,0,0,9,0,21187
155,221,221,Being There,/Being-There.html,0,1,6,3,2,5,0,0,0,1,0,25507
156,222,222,"Believer, The","/Believer,-The.html",16,18,1,0,1,3,2,0,0,1,0,22985
157,223,223,Belle,/Belle.html,0,0,1,0,0,0,0,0,0,0,0,21597
158,224,224,Beloved,/Beloved.html,1,0,8,1,0,0,0,0,0,1,0,34617
160,226,226,"Best Exotic Marigold Hotel, The","/Best-Exotic-Marigold-Hotel,-The.html",0,2,0,0,0,0,0,0,0,0,0,24554
161,227,227,Big,/Big.html,1,1,3,0,1,1,0,0,0,1,0,8608
162,228,228,"Big Blue, The","/Big-Blue,-The.html",3,0,6,2,0,4,0,0,0,1,0,25258
163,229,229,Big Eyes,/Big-Eyes.html,4,1,1,2,0,2,45,0,0,0,0,23266
164,230,230,Big Fish,/Big-Fish.html,4,0,3,1,0,3,0,0,0,0,0,26804
165,231,231,"Big Lebowski, The","/Big-Lebowski,-The.html",36,86,3,3,4,10,4,0,1,0,0,22597
166,232,232,"Big Sick, The","/Big-Sick,-The.html",10,24,0,1,3,1,0,0,0,0,0,20686
167,233,233,"Big White, The","/Big-White,-The.html",7,8,1,2,0,3,0,4,2,0,0,23874
168,234,234,Birdman,/Birdman.html,30,49,0,2,6,11,4,0,0,1,0,23295
169,235,235,"Birds, The","/Birds,-The.html",0,0,3,0,0,0,0,0,0,0,0,32927
170,236,236,Birthday Girl,/Birthday-Girl.html,1,7,0,0,0,1,0,0,1,0,0,17887
171,237,237,"Black Dahlia, The","/Black-Dahlia,-The.html",10,17,6,4,0,1,7,2,1,1,0,37437
172,238,238,Black Rain,/Black-Rain.html,9,1,1,2,0,8,0,1,0,4,0,22116
173,239,239,Black Snake Moan,/Black-Snake-Moan.html,44,16,2,4,0,10,3,2,1,0,0,25238
174,240,240,Black Swan,/Black-Swan.html,1,5,1,0,0,2,1,1,1,0,0,18832
175,241,241,Blade,/Blade.html,4,5,0,0,0,4,1,0,0,0,0,25143
176,242,242,Blade II,/Blade-II.html,14,15,1,4,1,4,0,0,0,0,0,25350
177,243,243,Blade Runner,/Blade-Runner.html,4,5,1,0,1,3,0,0,0,2,0,24551
179,245,245,"Blast from the Past, The","/Blast-from-the-Past,-The.html",6,2,6,4,0,3,0,0,0,0,0,25000
180,246,246,"Blind Side, The","/Blind-Side,-The.html",0,0,1,4,0,11,0,0,0,0,0,26526
181,247,247,"Bling Ring, The","/Bling-Ring,-The.html",8,14,0,4,0,1,1,0,0,0,0,16956
182,248,248,Blood and Wine,/Blood-and-Wine.html,6,6,2,0,1,5,1,0,0,1,0,23025
183,249,249,Blood Simple,/Blood-Simple.html,3,1,2,0,4,3,0,0,0,0,0,20943
184,250,250,Blow,/Blow.html,20,27,2,2,0,6,1,3,0,0,0,23498
185,251,251,Blue Valentine,/Blue-Valentine.html,11,6,0,1,1,5,0,0,0,0,0,22582
186,252,252,Blue Velvet,/Blue-Velvet.html,12,20,3,3,0,1,0,0,1,1,0,27359
187,253,253,"Blues Brothers, The","/Blues-Brothers,-The.html",0,0,0,0,0,0,0,0,0,0,0,22
188,254,254,"Bodies, Rest & Motion","/Bodies,-Rest-&-Motion.html",19,6,0,0,3,0,0,0,0,0,0,16165
189,255,255,Body Heat,/Body-Heat.html,6,3,4,0,1,1,0,0,0,1,0,30886
190,256,256,Body of Evidence,/Body-of-Evidence.html,1,3,0,3,0,2,0,1,0,3,0,21615
191,257,257,Bodyguard,/Bodyguard.html,4,13,1,6,1,2,0,0,0,0,0,35372
192,258,258,Bones,/Bones.html,26,11,16,6,0,8,1,0,0,0,0,29132
193,259,259,Bonfire of the Vanities,/Bonfire-of-the-Vanities.html,17,8,2,5,3,5,2,2,0,1,0,27891
194,260,260,Bonnie and Clyde,/Bonnie-and-Clyde.html,0,1,18,2,0,2,0,0,0,0,0,30502
195,261,261,Boogie Nights,/Boogie-Nights.html,27,69,2,4,3,17,15,8,27,1,0,29904
196,262,262,"Book of Eli, The","/Book-of-Eli,-The.html",10,4,3,3,0,4,0,0,0,0,0,28510
198,264,264,"Boondock Saints, The","/Boondock-Saints,-The.html",48,81,2,5,5,18,3,0,4,2,0,26922
199,265,265,Bottle Rocket,/Bottle-Rocket.html,21,21,2,2,0,2,0,0,0,0,0,20796
200,266,266,Bound,/Bound.html,24,44,0,6,2,5,1,0,0,0,0,19404
201,267,267,"Bounty Hunter, The","/Bounty-Hunter,-The.html",20,16,1,9,10,3,0,0,0,2,0,21514
202,268,268,"Bourne Identity, The","/Bourne-Identity,-The.html",21,14,0,0,0,1,0,0,0,0,0,21736
204,270,270,"Bourne Ultimatum, The","/Bourne-Ultimatum,-The.html",5,0,0,0,0,0,0,0,0,0,0,19921
205,271,271,"Box, The","/Box,-The.html",1,0,2,0,0,2,0,0,0,1,0,22651
206,272,272,"Boxtrolls, The","/Boxtrolls,-The.html",0,0,0,0,0,0,0,0,0,0,0,27031
207,273,273,Boyhood,/Boyhood.html,18,15,2,7,3,8,1,2,1,0,0,31186
208,274,274,Braveheart,/Braveheart.html,0,0,0,1,0,4,0,0,0,1,0,27714
209,275,275,Brazil,/Brazil.html,7,0,4,1,0,1,0,0,0,4,0,34631
210,276,276,Break,/Break.html,4,0,0,0,0,0,0,0,0,0,0,26818
211,277,277,Breakdown,/Breakdown.html,9,12,3,1,4,3,0,0,0,1,0,23420
212,278,278,"Breakfast Club, The","/Breakfast-Club,-The.html",23,9,0,7,5,2,5,0,0,0,0,13901
213,279,279,Breaking Away,/Breaking-Away.html,3,0,9,0,0,0,0,0,0,2,0,23702
214,280,280,Brick,/Brick.html,0,0,2,0,0,0,0,0,0,0,0,22231
215,281,281,Bridesmaids,/Bridesmaids.html,19,2,1,3,1,6,1,0,0,0,0,25823
216,282,282,Bringing Out the Dead,/Bringing-Out-the-Dead.html,10,3,1,1,0,3,0,1,0,2,0,19232
217,283,283,Broadcast News,/Broadcast-News.html,7,3,6,0,1,4,1,0,0,1,0,29197
218,284,284,Broken Arrow,/Broken-Arrow.html,6,1,0,1,2,2,1,2,0,1,0,19085
219,285,285,Broken Embraces,/Broken-Embraces.html,2,6,2,3,1,1,1,0,1,0,0,40037
220,286,286,"Brothers Bloom, The","/Brothers-Bloom,-The.html",12,4,1,5,0,1,0,0,1,2,0,24682
221,287,287,Bruce Almighty,/Bruce-Almighty.html,1,0,5,0,3,7,0,0,0,0,0,23221
222,288,288,Buffy the Vampire Slayer,/Buffy-the-Vampire-Slayer.html,4,1,1,4,0,1,2,2,0,0,0,23643
223,289,289,Bull Durham,/Bull-Durham.html,22,14,29,4,1,16,3,4,2,0,0,24271
224,290,290,Buried,/Buried.html,7,3,2,2,0,1,0,0,0,0,0,18586
225,291,291,Burlesque,/Burlesque.html,17,0,21,7,2,19,0,0,0,0,0,27723
226,292,292,Burn After Reading,/Burn-After-Reading.html,20,27,1,4,0,10,0,0,0,0,0,21363
227,293,293,Burning Annie,/Burning-Annie.html,28,4,2,1,1,4,2,1,0,0,0,21433
228,294,294,"Butterfly Effect, The","/Butterfly-Effect,-The.html",20,15,3,2,1,10,1,0,0,0,0,24459
229,295,295,Cable Guy,/Cable-Guy.html,4,0,6,3,1,4,0,0,0,1,0,24900
230,296,296,Candle to Water,/Candle-to-Water.html,14,39,2,12,0,0,0,1,0,2,0,19749
231,297,297,Capote,/Capote.html,0,0,0,0,0,0,37,0,0,0,0,21051
232,298,298,Carrie,/Carrie.html,11,0,1,1,1,1,0,0,0,1,0,23006
233,299,299,Cars 2,/Cars-2.html,0,0,0,0,0,0,0,0,0,0,0,25013
235,301,301,Case 39,/Case-39.html,2,2,1,0,0,1,0,0,0,0,0,24553
236,302,302,Casino,/Casino.html,37,111,6,8,3,14,1,0,0,2,0,53918
237,303,303,Cast Away,/Cast-Away.html,14,5,24,1,1,0,3,0,0,0,0,27423
238,304,304,Catch Me If You Can,/Catch-Me-If-You-Can.html,9,4,5,1,0,0,0,0,0,0,0,29088
240,306,306,Cecil B. Demented,/Cecil-B.-Demented.html,3,11,3,5,3,7,2,1,0,0,0,22237
241,307,307,Cedar Rapids,/Cedar-Rapids.html,32,24,1,0,3,8,3,3,0,0,0,25949
242,308,308,Celeste & Jesse Forever,/Celeste-&-Jesse-Forever.html,17,21,0,1,0,2,1,0,6,0,0,20662
243,309,309,"Cell, The","/Cell,-The.html",2,1,4,2,0,2,0,0,0,0,0,22412
244,310,310,Cellular,/Cellular.html,28,2,13,7,9,17,0,1,0,4,0,26456
245,311,311,"Change-Up, The","/Change-Up,-The.html",34,70,0,4,1,5,4,0,2,1,3,23867
246,312,312,Changeling,/Changeling.html,3,3,3,0,0,1,0,0,1,2,0,34053
247,313,313,Chaos,/Chaos.html,21,6,1,1,1,1,1,2,0,1,0,21409
248,314,314,Charade,/Charade.html,0,0,1,0,0,0,0,0,0,0,0,31141
249,315,315,Charlie's Angels,/Charlie's-Angels.html,8,2,7,5,3,6,0,0,0,1,0,23927
250,316,316,Chasing Amy,/Chasing-Amy.html,51,43,2,22,5,11,13,3,6,1,0,24636
251,317,317,Chasing Sleep,/Chasing-Sleep.html,4,5,7,6,2,0,0,0,0,1,0,19546
252,318,318,Cherry Falls,/Cherry-Falls.html,8,17,2,0,0,2,2,0,1,2,0,20299
253,319,319,Chinatown,/Chinatown.html,2,1,2,8,0,3,0,0,1,2,0,26058
254,320,320,Christ Complex,/Christ-Complex.html,1,11,0,0,2,3,0,0,0,0,0,12871
255,321,321,Chronicle,/Chronicle.html,43,34,2,4,9,4,1,0,0,0,0,19549
257,323,323,"Cider House Rules, The","/Cider-House-Rules,-The.html",2,0,4,0,0,2,0,0,0,1,0,27409
258,324,324,"Cincinnati Kid, The","/Cincinnati-Kid,-The.html",0,0,6,3,0,1,0,0,0,3,0,26201
259,325,325,Cinema Paradiso,/Cinema-Paradiso.html,1,6,6,0,0,6,0,0,0,4,0,33848
261,327,327,Citizen Kane,/Citizen-Kane.html,0,0,0,0,0,0,0,0,0,0,0,35392
262,328,328,City of Joy,/City-of-Joy.html,0,0,1,0,1,1,0,0,1,0,0,30804
263,329,329,Clash of the Titans,/Clash-of-the-Titans.html,1,0,1,0,0,0,0,0,0,1,0,24014
264,330,330,Clerks,/Clerks.html,36,34,7,6,7,10,10,4,10,0,0,24770
265,331,331,Cliffhanger,/Cliffhanger.html,5,12,2,3,0,2,0,0,0,1,0,31844
266,332,332,"Clockwork Orange, A","/Clockwork-Orange,-A.html",0,0,0,0,0,0,0,0,0,0,0,21
267,333,333,Clueless,/Clueless.html,10,0,1,0,1,2,0,0,0,1,0,13439
268,334,334,Cobb,/Cobb.html,15,22,37,8,1,15,2,0,0,8,0,28165
269,335,335,Coco,/Coco.html,0,0,0,0,0,0,0,0,0,0,0,23336
270,336,336,Code of Silence,/Code-of-Silence.html,14,9,2,0,4,9,0,0,0,1,0,18275
271,337,337,Cold Mountain,/Cold-Mountain.html,6,0,8,1,3,3,0,0,0,3,0,30702
273,339,339,Collateral Damage,/Collateral-Damage.html,12,3,0,5,3,2,0,0,0,2,0,29986
274,340,340,Colombiana,/Colombiana.html,6,11,0,8,1,5,0,0,0,2,0,26024
275,341,341,Color of Night,/Color-of-Night.html,19,21,3,6,5,2,3,0,2,3,0,28988
276,342,342,Commando,/Commando.html,6,7,0,0,4,1,0,0,0,0,0,17305
277,343,343,Conan the Barbarian,/Conan-the-Barbarian.html,1,0,1,0,0,1,0,0,0,0,0,23744
278,344,344,Confessions of a Dangerous Mind,/Confessions-of-a-Dangerous-Mind.html,9,35,4,2,7,7,15,3,1,0,0,24953
279,345,345,Confidence,/Confidence.html,26,12,0,2,7,8,4,1,0,1,0,25206
280,346,346,Constantine,/Constantine.html,17,0,5,2,2,5,0,0,0,2,0,24834
282,348,348,"Cooler, The","/Cooler,-The.html",16,27,1,3,0,4,2,0,0,1,0,21637
283,349,349,Copycat,/Copycat.html,6,10,9,11,2,6,0,1,0,6,0,31558
284,350,350,Coraline,/Coraline.html,0,0,0,0,0,0,0,0,0,0,0,24952
285,351,351,Coriolanus,/Coriolanus.html,0,0,0,0,0,0,0,0,0,0,0,21087
286,352,352,Courage Under Fire,/Courage-Under-Fire.html,0,0,0,0,0,0,0,0,0,0,0,22
287,353,353,Cowboys & Aliens,/Cowboys-&-Aliens.html,19,2,26,1,2,8,0,0,2,3,0,28012
288,354,354,Cradle 2 the Grave,/Cradle-2-the-Grave.html,20,10,0,5,1,7,0,0,0,0,0,18953
289,355,355,Crank,/Crank.html,40,8,4,15,8,16,1,0,0,2,0,22657
290,356,356,Crash,/Crash.html,0,1,0,1,0,0,0,0,0,2,0,17357
291,357,357,"Crazy, Stupid, Love","/Crazy,-Stupid,-Love.html",10,1,3,2,10,3,2,0,0,2,0,21539
292,358,358,Crazylove,/Crazylove.html,1,5,3,2,0,1,0,0,1,0,0,21799
293,359,359,Creation,/Creation.html,3,0,2,0,0,0,0,0,0,0,2,19578
294,360,360,Crime Spree,/Crime-Spree.html,11,10,2,1,1,8,2,0,0,1,0,25250
295,361,361,"Croods, The","/Croods,-The.html",0,0,0,0,0,0,0,0,0,0,0,17158
296,362,362,"Crouching Tiger, Hidden Dragon","/Crouching-Tiger,-Hidden-Dragon.html",0,0,0,0,0,0,0,0,0,0,0,11938
297,363,363,Croupier,/Croupier.html,10,9,0,2,0,0,0,0,0,1,0,19421
298,364,364,"Crow Salvation, The","/Crow-Salvation,-The.html",11,11,1,2,2,2,0,0,0,0,0,21755
299,365,365,"Crow, The","/Crow,-The.html",16,11,2,4,1,13,2,0,0,0,0,22393
301,367,367,Cruel Intentions,/Cruel-Intentions.html,16,12,0,5,1,9,1,1,1,1,1,18476
302,368,368,Crying Game,/Crying-Game.html,3,40,0,7,0,2,1,0,0,3,0,16016
303,369,369,Cube,/Cube.html,1,7,0,1,0,1,0,0,0,0,0,8866
304,370,370,"Curious Case of Benjamin Button, The","/Curious-Case-of-Benjamin-Button,-The.html",6,0,1,0,0,4,1,0,0,4,0,41851
305,371,371,Custody,/Custody.html,2,0,0,1,1,2,0,0,0,0,0,15628
306,372,372,Dallas Buyers Club,/Dallas-Buyers-Club.html,31,27,5,3,1,10,1,4,2,0,0,22128
307,373,373,"Damned United, The","/Damned-United,-The.html",0,8,0,0,0,0,0,0,0,3,0,21381
308,374,374,Dances with Wolves,/Dances-with-Wolves.html,0,0,4,1,0,3,0,0,0,2,0,37121
309,375,375,Dark City,/Dark-City.html,4,0,6,0,0,0,0,0,0,1,0,27401
310,376,376,"Dark Knight Rises, The","/Dark-Knight-Rises,-The.html",0,0,1,3,0,1,0,0,0,1,0,30052
312,378,378,Dark Star,/Dark-Star.html,1,1,2,0,0,0,0,0,0,0,0,6914
313,379,379,Darkman,/Darkman.html,2,3,1,4,1,4,0,0,0,1,0,27215
314,380,380,Date Night,/Date-Night.html,9,1,1,3,1,1,0,0,0,0,0,21886
315,381,381,Dave Barry's Complete Guide to Guys,/Dave-Barry's-Complete-Guide-to-Guys.html,9,0,0,0,0,2,0,0,0,1,0,18602
316,382,382,Dawn of the Dead,/Dawn-of-the-Dead.html,13,0,9,2,0,7,1,0,0,3,0,41562
317,383,383,Day of the Dead,/Day-of-the-Dead.html,14,4,7,0,0,13,0,0,0,2,0,28403
318,384,384,"Day the Clown Cried, The","/Day-the-Clown-Cried,-The.html",0,0,6,0,0,2,0,0,0,1,0,35904
319,385,385,"Day the Earth Stood Still, The","/Day-the-Earth-Stood-Still,-The.html",0,0,0,0,0,0,0,0,0,0,0,27520
320,386,386,Days of Heaven,/Days-of-Heaven.html,5,0,0,0,0,1,0,2,0,2,0,30120
321,387,387,Dead Poets Society,/Dead-Poets-Society.html,2,0,4,0,0,1,0,0,0,1,0,20860
322,388,388,Deadpool,/Deadpool.html,23,21,0,2,3,5,1,0,1,0,2,27974
323,389,389,Dear White People,/Dear-White-People.html,15,15,7,7,0,8,3,0,1,0,0,22030
324,390,390,Death at a Funeral,/Death-at-a-Funeral.html,20,2,18,0,0,5,0,0,0,4,0,20988
325,391,391,Death to Smoochy,/Death-to-Smoochy.html,11,3,3,5,6,9,1,0,5,1,0,24751
326,392,392,"Debt, The","/Debt,-The.html",3,12,0,0,0,0,0,0,0,0,0,26661
327,393,393,Deception,/Deception.html,3,3,3,0,0,0,2,0,0,0,0,28179
328,394,394,Deep Cover,/Deep-Cover.html,24,14,3,6,5,4,3,1,0,2,0,21744
329,395,395,Deep Rising,/Deep-Rising.html,25,0,6,3,2,13,1,0,0,2,0,23618
330,396,396,"Deer Hunter, The","/Deer-Hunter,-The.html",14,8,17,1,2,8,0,0,1,3,0,29648
331,397,397,Defiance,/Defiance.html,16,2,1,2,0,3,1,0,0,0,0,24712
332,398,398,"Departed, The","/Departed,-The.html",18,63,0,2,2,8,4,5,3,2,0,29903
333,399,399,"Descendants, The","/Descendants,-The.html",11,12,0,4,0,1,0,1,1,0,0,24760
334,400,400,Despicable Me 2,/Despicable-Me-2.html,0,0,0,0,0,0,0,0,0,0,0,21036
335,401,401,Detroit Rock City,/Detroit-Rock-City.html,29,13,3,4,2,26,7,0,0,0,0,27439
336,402,402,Devil in a Blue Dress,/Devil-in-a-Blue-Dress.html,10,0,21,5,0,8,0,0,2,2,0,25280
337,403,403,Devil's Advocate,/Devil's-Advocate.html,10,23,6,3,1,9,0,0,0,0,0,26660
338,404,404,Die Hard,/Die-Hard.html,16,9,6,2,4,9,2,0,1,2,0,27201
339,405,405,Die Hard 2,/Die-Hard-2.html,19,16,8,4,9,14,5,0,1,2,0,25615
340,406,406,Diner,/Diner.html,8,2,1,4,3,2,0,0,0,0,0,20316
341,407,407,"Distinguished Gentleman, The","/Distinguished-Gentleman,-The.html",19,8,9,3,1,18,32,0,0,2,0,27778
342,408,408,Disturbia,/Disturbia.html,29,2,3,2,2,8,1,0,0,2,0,26773
343,409,409,Django Unchained,/Django-Unchained.html,13,8,19,7,0,52,0,0,1,4,0,40225
344,410,410,Do The Right Thing,/Do-The-Right-Thing.html,26,21,4,1,2,9,40,0,0,2,0,16877
345,411,411,Dog Day Afternoon,/Dog-Day-Afternoon.html,22,22,8,2,3,1,0,0,0,2,0,28319
346,412,412,Dogma,/Dogma.html,53,36,4,12,4,15,3,1,0,4,0,32356
347,413,413,Donnie Brasco,/Donnie-Brasco.html,7,38,0,2,1,8,0,0,1,1,0,25223
349,415,415,"Doors, The","/Doors,-The.html",23,57,1,0,11,5,5,3,9,2,1,38084
350,416,416,Double Indemnity,/Double-Indemnity.html,0,0,0,0,0,0,0,0,0,0,0,32380
351,417,417,Drag Me to Hell,/Drag-Me-to-Hell.html,0,2,1,3,0,1,0,0,0,0,0,18223
352,418,418,Dragonslayer,/Dragonslayer.html,0,0,3,0,0,0,0,0,0,1,0,20076
353,419,419,Drive,/Drive.html,2,13,0,0,4,0,0,1,0,0,0,22740
354,420,420,Drive Angry,/Drive-Angry.html,14,33,4,8,1,7,1,0,1,1,0,19085
355,421,421,Drop Dead Gorgeous,/Drop-Dead-Gorgeous.html,7,2,10,8,0,21,0,0,0,1,0,19254
356,422,422,"Dry White Season, A","/Dry-White-Season,-A.html",6,1,3,0,0,0,0,0,0,4,0,34827
357,423,423,Duck Soup,/Duck-Soup.html,0,0,0,0,0,0,0,0,0,0,0,19711
358,424,424,Dumb and Dumber,/Dumb-and-Dumber.html,10,3,7,4,2,3,0,0,0,2,0,24013
359,425,425,Dune,/Dune.html,0,0,4,0,0,1,0,0,0,0,0,24070
360,426,426,E.T.,/E.T..html,1,0,0,0,0,0,0,0,0,0,0,18057
361,427,427,Eagle Eye,/Eagle-Eye.html,37,14,0,0,5,5,0,0,0,0,0,31425
362,428,428,Eastern Promises,/Eastern-Promises.html,1,12,1,6,0,0,0,0,1,0,0,22515
363,429,429,Easy A,/Easy-A.html,5,18,1,6,1,9,0,0,0,0,0,21455
364,430,430,Ed TV,/Ed-TV.html,6,0,0,1,2,22,0,0,0,1,0,24981
365,431,431,Ed Wood,/Ed-Wood.html,8,6,3,2,2,3,2,0,0,1,0,29023
366,432,432,Edward Scissorhands,/Edward-Scissorhands.html,1,0,4,0,0,0,0,0,0,1,0,8143
367,433,433,Eight Legged Freaks,/Eight-Legged-Freaks.html,3,1,4,1,0,0,0,0,1,0,0,19000
369,435,435,Election,/Election.html,1,6,1,3,0,2,17,1,0,0,0,25131
370,436,436,"Elephant Man, The","/Elephant-Man,-The.html",0,0,2,0,0,0,0,0,0,4,0,34137
372,438,438,Enemy of the State,/Enemy-of-the-State.html,9,17,4,0,3,2,2,0,0,0,1,23211
373,439,439,"English Patient, The","/English-Patient,-The.html",0,3,0,1,0,0,1,0,0,2,0,32217
374,440,440,Enough,/Enough.html,4,2,1,1,2,3,2,0,0,0,0,22492
375,441,441,Entrapment,/Entrapment.html,16,5,0,2,1,5,0,0,0,0,0,29860
376,442,442,Equilibrium,/Equilibrium.html,0,0,0,0,0,0,0,0,0,0,0,20
377,443,443,Erik the Viking,/Erik-the-Viking.html,0,0,1,0,0,0,0,0,0,2,0,21921
378,444,444,Erin Brockovich,/Erin-Brockovich.html,27,16,30,5,4,9,0,0,0,0,0,30254
379,445,445,Escape From L.A.,/Escape-From-L.A..html,13,2,3,0,1,3,0,0,0,0,0,24677
380,446,446,Escape From New York,/Escape-From-New-York.html,10,2,0,2,4,5,0,0,0,1,0,11393
381,447,447,Eternal Sunshine of the Spotless Mind,/Eternal-Sunshine-of-the-Spotless-Mind.html,15,11,4,1,0,1,1,0,0,0,0,24562
382,448,448,Even Cowgirls Get the Blues,/Even-Cowgirls-Get-the-Blues.html,7,0,1,0,0,2,1,1,0,1,2,19235
383,449,449,Event Horizon,/Event-Horizon.html,7,6,4,1,0,3,2,0,0,0,0,22033
384,450,450,Evil Dead,/Evil-Dead.html,2,0,3,0,0,0,0,0,0,0,0,11829
386,452,452,Ex Machina,/Ex-Machina.html,6,12,2,0,0,0,0,0,0,1,0,20742
387,453,453,Excalibur,/Excalibur.html,0,0,0,0,0,0,0,0,0,0,0,26992
389,455,455,eXistenZ,/eXistenZ.html,1,2,2,0,0,0,0,0,0,1,0,21524
390,456,456,Extract,/Extract.html,26,0,6,0,4,14,2,1,1,0,0,20299
392,458,458,"Fabulous Baker Boys, The","/Fabulous-Baker-Boys,-The.html",7,10,4,0,1,3,0,0,0,0,0,26927
393,459,459,Face Off,/Face-Off.html,8,6,6,1,1,3,0,0,1,2,0,23433
394,460,460,Fair Game,/Fair-Game.html,2,9,0,1,2,0,1,1,0,1,0,24040
395,461,461,"Family Man, The","/Family-Man,-The.html",6,1,10,0,0,2,0,0,0,1,0,29576
396,462,462,Fantastic Four,/Fantastic-Four.html,1,0,5,0,0,1,0,0,0,0,0,28309
397,463,463,Fantastic Mr Fox,/Fantastic-Mr-Fox.html,0,0,0,0,0,0,0,0,0,0,0,22020
398,464,464,Fargo,/Fargo.html,4,12,6,0,0,1,0,0,0,0,0,17469
399,465,465,Fast Times at Ridgemont High,/Fast-Times-at-Ridgemont-High.html,10,7,0,0,2,1,4,2,0,0,0,24543
400,466,466,Fatal Instinct,/Fatal-Instinct.html,3,0,7,2,0,1,2,0,0,1,0,28240
401,467,467,"Fault in Our Stars, The","/Fault-in-Our-Stars,-The.html",6,2,0,0,4,1,0,0,0,3,0,24205
402,468,468,Fear and Loathing in Las Vegas,/Fear-and-Loathing-in-Las-Vegas.html,28,18,9,4,1,3,0,0,0,20,0,23214
403,469,469,Feast,/Feast.html,19,13,6,3,1,9,2,0,0,0,1,17973
404,470,470,Ferris Bueller's Day Off,/Ferris-Bueller's-Day-Off.html,25,0,0,1,11,8,0,0,0,0,0,24328
405,471,471,Field of Dreams,/Field-of-Dreams.html,6,4,5,1,2,2,1,0,0,0,0,23822
406,472,472,"Fifth Element, The","/Fifth-Element,-The.html",7,5,0,1,0,1,0,1,1,0,0,25088
407,473,473,Fight Club,/Fight-Club.html,11,18,2,5,2,5,0,1,1,0,0,28941
408,474,474,"Fighter, The","/Fighter,-The.html",14,17,0,1,1,8,15,0,0,0,0,25974
409,475,475,Final Destination,/Final-Destination.html,5,13,0,0,2,2,1,0,0,0,0,25379
410,476,476,Final Destination 2,/Final-Destination-2.html,16,8,11,2,1,4,2,0,0,1,0,24024
411,477,477,Finding Nemo,/Finding-Nemo.html,0,0,0,0,0,0,0,0,0,0,0,13651
412,478,478,Five Easy Pieces,/Five-Easy-Pieces.html,12,0,9,3,1,2,0,0,0,0,0,18812
413,479,479,Flash Gordon,/Flash-Gordon.html,0,0,4,1,0,0,0,0,0,2,0,19149
414,480,480,Fletch,/Fletch.html,0,0,4,0,0,0,0,0,0,1,0,18518
415,481,481,Flight,/Flight.html,22,25,2,4,1,9,1,0,0,1,0,33143
416,482,482,"Flintstones, The","/Flintstones,-The.html",0,0,2,0,0,2,0,0,1,0,0,27667
417,483,483,Forrest Gump,/Forrest-Gump.html,8,0,2,6,1,7,14,0,0,0,0,26109
418,484,484,Four Feathers,/Four-Feathers.html,0,0,1,0,0,0,0,0,0,6,0,33678
419,485,485,Four Rooms,/Four-Rooms.html,13,17,1,4,2,8,1,2,5,1,0,24992
420,486,486,Foxcatcher,/Foxcatcher.html,4,2,0,1,0,1,0,0,0,0,0,21959
421,487,487,Fracture,/Fracture.html,4,0,1,2,2,1,4,0,0,2,0,23290
422,488,488,Frances,/Frances.html,3,2,12,5,0,2,36,0,0,3,0,27693
423,489,489,Frankenstein,/Frankenstein.html,1,0,6,1,0,2,0,0,0,5,0,30450
424,490,490,Frankenweenie,/Frankenweenie.html,0,0,0,0,0,0,0,0,0,0,0,14676
425,491,491,Freaked,/Freaked.html,14,2,12,0,2,5,1,0,0,1,0,22742
426,492,492,Freddy vs. Jason,/Freddy-vs.-Jason.html,6,3,5,33,1,7,0,2,1,3,0,26085
427,493,493,"French Connection, The","/French-Connection,-The.html",10,2,2,1,1,12,0,1,0,2,0,21518
428,494,494,Frequency,/Frequency.html,6,8,4,0,3,3,0,0,0,3,0,28522
429,495,495,Friday the 13th,/Friday-the-13th.html,4,1,2,0,1,0,0,0,0,0,0,17896
431,497,497,Fright Night,/Fright-Night.html,21,12,1,1,0,2,2,1,0,0,1,21820
432,498,498,Fright Night (1985),/Fright-Night-(1985).html,2,1,3,1,3,2,1,0,0,2,0,27870
433,499,499,From Dusk Till Dawn,/From-Dusk-Till-Dawn.html,40,29,2,8,4,13,2,42,0,9,0,23902
434,500,500,From Here to Eternity,/From-Here-to-Eternity.html,0,0,0,0,0,0,0,0,0,0,0,37289
435,501,501,Frozen,/Frozen.html,30,9,2,1,6,7,3,2,0,0,0,19010
436,502,502,Frozen (Disney),/Frozen-(Disney).html,0,0,0,0,0,0,0,0,0,0,0,20812
437,503,503,Frozen River,/Frozen-River.html,6,2,2,4,0,3,0,0,0,0,0,20185
438,504,504,Fruitvale Station,/Fruitvale-Station.html,40,41,1,12,0,14,0,0,0,0,0,19953
439,505,505,"Fugitive, The","/Fugitive,-The.html",6,0,4,1,2,1,0,0,0,0,0,26560
441,507,507,Funny People,/Funny-People.html,54,40,1,4,3,6,4,0,1,0,2,28357
443,509,509,G.I. Jane,/G.I.-Jane.html,13,6,2,1,1,10,2,0,1,0,0,23508
445,511,511,Game 6,/Game-6.html,1,0,0,1,0,0,0,0,0,0,0,16323
446,512,512,"Game, The","/Game,-The.html",31,20,6,3,1,4,0,0,0,5,0,32654
447,513,513,Gamer,/Gamer.html,36,13,12,5,1,13,1,1,1,0,0,25840
448,514,514,Gandhi,/Gandhi.html,0,0,7,0,0,0,0,0,0,3,0,50128
449,515,515,Gang Related,/Gang-Related.html,45,24,0,1,9,3,1,0,1,0,0,24874
450,516,516,Gangs of New York,/Gangs-of-New-York.html,1,0,10,2,0,0,0,0,1,2,0,39449
451,517,517,Garden State,/Garden-State.html,29,33,1,5,3,5,3,0,0,0,0,25510
452,518,518,Gattaca,/Gattaca.html,1,1,3,0,0,0,0,0,2,0,0,26558
453,519,519,Get Carter,/Get-Carter.html,5,0,0,4,0,0,0,0,1,7,0,15880
454,520,520,Get Low,/Get-Low.html,2,0,7,4,0,4,0,0,1,1,0,20908
455,521,521,Get on Up,/Get-on-Up.html,18,2,4,0,0,6,1,0,0,0,0,28218
456,522,522,Get Out,/Get-Out.html,32,19,8,2,0,3,2,0,1,0,1,19047
458,524,524,"Getaway, The","/Getaway,-The.html",0,0,2,0,0,3,0,0,0,1,0,25616
459,525,525,Ghost,/Ghost.html,4,1,8,2,1,2,0,0,0,7,0,26563
460,526,526,"Ghost and the Darkness, The","/Ghost-and-the-Darkness,-The.html",1,1,0,1,0,0,0,0,0,0,0,23501
461,527,527,Ghost Rider,/Ghost-Rider.html,9,26,0,2,0,10,2,0,0,0,0,26752
462,528,528,Ghost Ship,/Ghost-Ship.html,7,6,11,3,0,6,0,0,6,0,0,25592
463,529,529,Ghost World,/Ghost-World.html,6,20,0,5,7,0,1,1,0,0,0,23521
464,530,530,Ghostbusters,/Ghostbusters.html,0,0,0,0,0,0,0,0,0,0,0,6812
465,531,531,Ghostbusters 2,/Ghostbusters-2.html,2,0,1,0,0,0,0,0,0,0,0,23646
466,532,532,Ginger Snaps,/Ginger-Snaps.html,17,25,0,4,1,9,0,2,1,0,0,22470
467,533,533,"Girl with the Dragon Tattoo, The","/Girl-with-the-Dragon-Tattoo,-The.html",0,5,0,0,0,1,0,0,0,0,0,37926
468,534,534,Gladiator,/Gladiator.html,1,0,4,0,0,1,0,0,0,4,0,24397
469,535,535,Glengarry Glen Gross,/Glengarry-Glen-Gross.html,30,65,0,0,6,11,2,0,0,0,0,15140
470,536,536,Go,/Go.html,30,30,1,4,1,13,7,2,0,0,0,25578
471,537,537,Godfather,/Godfather.html,0,0,1,4,0,2,1,0,0,8,0,33387
472,538,538,Godfather Part II,/Godfather-Part-II.html,2,1,0,2,0,3,0,0,0,3,0,42006
473,539,539,"Godfather Part III, The","/Godfather-Part-III,-The.html",9,0,0,2,0,3,0,0,1,2,0,26216
474,540,540,Gods and Monsters,/Gods-and-Monsters.html,5,7,7,2,1,3,0,0,0,0,0,23483
475,541,541,Godzilla,/Godzilla.html,2,0,2,1,0,0,0,0,0,1,1,27251
476,542,542,Gone Baby Gone,/Gone-Baby-Gone.html,22,36,2,4,2,4,3,1,3,0,1,26855
477,543,543,Gone in 60 Seconds,/Gone-in-60-Seconds.html,33,4,11,2,4,10,0,0,1,2,0,28025
478,544,544,"Good Girl, The","/Good-Girl,-The.html",4,3,2,0,0,3,0,0,0,0,0,8307
479,545,545,Good Will Hunting,/Good-Will-Hunting.html,20,33,3,4,2,11,1,2,2,0,0,24620
481,547,547,Gothika,/Gothika.html,6,3,2,2,0,1,0,1,0,0,0,26233
482,548,548,Grabbers,/Grabbers.html,9,8,0,1,0,1,0,0,1,3,0,20085
483,549,549,"Graduate, The","/Graduate,-The.html",0,0,3,0,0,1,0,0,0,0,0,25317
484,550,550,Gran Torino,/Gran-Torino.html,13,13,5,17,2,5,0,4,0,2,0,23144
485,551,551,Grand Hotel,/Grand-Hotel.html,0,0,0,0,0,0,0,0,0,0,0,26282
486,552,552,Grand Theft Parsons,/Grand-Theft-Parsons.html,8,0,9,4,2,1,0,0,0,4,0,19961
487,553,553,"Grapes of Wrath, The","/Grapes-of-Wrath,-The.html",0,0,0,0,0,0,0,0,0,0,0,27436
488,554,554,Gravity,/Gravity.html,7,1,1,1,0,0,0,0,0,0,0,20030
489,555,555,"Great Gatsby, The","/Great-Gatsby,-The.html",0,0,1,1,0,0,1,0,0,0,0,24252
490,556,556,"Green Mile, The","/Green-Mile,-The.html",11,7,12,5,4,9,2,1,0,6,0,31262
491,557,557,Gremlins,/Gremlins.html,1,0,6,1,1,2,0,0,0,4,0,18784
492,558,558,Gremlins 2,/Gremlins-2.html,1,0,2,0,0,1,0,0,0,0,0,26096
493,559,559,"Grifters, The","/Grifters,-The.html",4,1,3,1,0,0,0,0,0,0,0,23240
494,560,560,Grosse Point Blank,/Grosse-Point-Blank.html,2,9,1,0,1,3,0,0,0,0,0,19945
495,561,561,Groundhog Day,/Groundhog-Day.html,1,1,0,0,1,0,0,0,0,1,0,23990
496,562,562,"Grudge, The","/Grudge,-The.html",0,0,1,0,0,0,0,0,0,0,0,21988
497,563,563,Guardians of the Galaxy Vol 2,/Guardians-of-the-Galaxy-Vol-2.html,4,0,10,1,1,4,2,0,1,0,0,27742
498,564,564,Hackers,/Hackers.html,21,0,1,2,1,3,0,0,0,0,0,14550
499,565,565,Hall Pass,/Hall-Pass.html,10,1,0,0,0,12,1,0,3,1,0,27786
501,567,567,Hancock,/Hancock.html,21,23,5,3,2,11,1,1,1,4,0,24094
502,568,568,"Hangover, The","/Hangover,-The.html",8,1,3,1,2,10,3,0,0,0,1,21451
503,569,569,Hanna,/Hanna.html,7,7,0,1,0,0,0,0,0,3,0,25907
504,570,570,Hannah and Her Sisters,/Hannah-and-Her-Sisters.html,0,1,1,0,0,1,0,0,0,0,0,40977
505,571,571,Hannibal,/Hannibal.html,0,2,0,2,0,0,0,0,0,0,0,31623
506,572,572,"Happy Birthday, Wanda June","/Happy-Birthday,-Wanda-June.html",11,5,4,7,0,4,0,0,1,3,0,20351
507,573,573,Happy Feet,/Happy-Feet.html,2,0,0,0,0,2,0,0,0,0,0,15251
508,574,574,Hard Rain,/Hard-Rain.html,13,2,5,2,0,3,0,0,0,1,0,20796
509,575,575,Hard to Kill,/Hard-to-Kill.html,10,8,0,1,1,6,0,0,0,0,0,23916
510,576,576,Harold and Kumar Go to White Castle,/Harold-and-Kumar-Go-to-White-Castle.html,62,34,1,3,41,20,2,5,6,0,0,27099
517,583,583,"Haunting, The","/Haunting,-The.html",3,1,3,1,0,0,0,0,0,1,0,30556
518,584,584,He's Just Not That Into You,/He's-Just-Not-That-Into-You.html,18,1,0,0,5,4,1,0,0,0,0,24824
519,585,585,Heat,/Heat.html,7,24,0,4,2,6,0,0,0,1,0,30247
520,586,586,Heathers,/Heathers.html,28,13,13,8,4,8,3,2,0,0,0,25483
521,587,587,Heavenly Creatures,/Heavenly-Creatures.html,0,0,4,0,0,0,0,0,0,0,0,27256
522,588,588,Heavy Metal,/Heavy-Metal.html,4,0,1,2,2,1,0,0,0,0,0,16287
523,589,589,"Hebrew Hammer, The","/Hebrew-Hammer,-The.html",10,2,6,2,1,9,4,0,0,0,0,21540
524,590,590,Heist,/Heist.html,4,7,1,1,0,2,0,0,0,0,0,27306
526,592,592,Hellboy,/Hellboy.html,0,0,3,0,0,1,0,0,0,0,0,22754
528,594,594,Hellraiser,/Hellraiser.html,8,1,10,2,0,2,0,0,0,2,0,18211
532,598,598,"Help, The","/Help,-The.html",7,0,5,0,1,0,0,0,0,0,0,30925
533,599,599,Henry Fool,/Henry-Fool.html,11,9,1,0,0,5,0,0,1,1,0,25882
534,600,600,Henry's Crime,/Henry's-Crime.html,10,6,1,1,0,0,1,1,0,0,0,20280
535,601,601,Her,/Her.html,5,20,0,1,1,2,1,2,0,0,0,19593
536,602,602,Hesher,/Hesher.html,23,46,0,2,2,3,2,1,7,0,0,24740
537,603,603,High Fidelity,/High-Fidelity.html,10,23,1,1,7,7,130,0,0,4,0,27181
538,604,604,Highlander,/Highlander.html,1,0,1,2,1,1,0,0,0,2,0,18602
540,606,606,"Hills Have Eyes, The","/Hills-Have-Eyes,-The.html",3,4,1,3,0,1,0,0,0,0,0,20293
541,607,607,His Girl Friday,/His-Girl-Friday.html,0,0,0,0,0,0,0,0,1,0,0,33110
542,608,608,Hitchcock,/Hitchcock.html,0,0,1,0,0,0,0,0,1,0,0,23521
543,609,609,"Hitchhiker's Guide to the Galaxy, The","/Hitchhiker's-Guide-to-the-Galaxy,-The.html",1,0,2,0,0,2,0,0,1,1,0,25473
544,610,610,Hollow Man,/Hollow-Man.html,18,8,2,0,2,2,0,0,0,2,0,25499
545,611,611,Honeydripper,/Honeydripper.html,1,0,13,0,0,6,0,0,0,0,0,21757
546,612,612,Horrible Bosses,/Horrible-Bosses.html,23,25,8,4,0,9,4,6,5,5,0,21710
547,613,613,"Horse Whisperer, The","/Horse-Whisperer,-The.html",7,0,3,0,0,1,0,0,0,0,0,39131
548,614,614,"Hospital, The","/Hospital,-The.html",1,1,4,5,0,5,0,0,0,0,0,29736
549,615,615,Hostage,/Hostage.html,20,26,1,1,7,8,1,2,0,2,0,25384
550,616,616,Hot Tub Time Machine,/Hot-Tub-Time-Machine.html,21,33,3,1,8,6,5,0,0,0,4,20284
551,617,617,Hotel Rwanda,/Hotel-Rwanda.html,2,4,0,0,1,2,0,0,1,0,0,24668
552,618,618,House of 1000 Corpses,/House-of-1000-Corpses.html,36,30,11,10,3,12,3,9,0,2,0,21323
553,619,619,How to Lose Friends & Alienate People,/How-to-Lose-Friends-&-Alienate-People.html,9,12,0,2,2,3,0,0,0,0,0,23655
554,620,620,How to Train Your Dragon,/How-to-Train-Your-Dragon.html,0,0,0,0,0,0,0,0,0,0,0,22675
555,621,621,How to Train Your Dragon 2,/How-to-Train-Your-Dragon-2.html,0,0,0,0,0,0,0,0,0,0,0,21255
556,622,622,Hudson Hawk,/Hudson-Hawk.html,13,5,10,3,3,2,0,0,0,5,0,24556
557,623,623,"Hudsucker Proxy, The","/Hudsucker-Proxy,-The.html",0,0,2,0,0,1,0,0,0,1,0,27999
558,624,624,Human Nature,/Human-Nature.html,7,6,2,5,0,2,3,0,0,3,0,20811
559,625,625,"Hunt for Red October, The","/Hunt-for-Red-October,-The.html",1,1,5,0,0,3,0,0,0,3,0,22326
560,626,626,"Hurt Locker, The","/Hurt-Locker,-The.html",16,15,6,1,1,0,2,0,0,3,0,23863
561,627,627,I Am Number Four,/I-Am-Number-Four.html,1,1,1,0,1,0,0,0,0,0,0,23692
562,628,628,I am Sam,/I-am-Sam.html,1,0,1,0,0,1,0,0,0,0,0,24260
563,629,629,I Love You Phillip Morris,/I-Love-You-Phillip-Morris.html,10,15,5,5,3,10,5,1,1,0,0,24237
564,630,630,I Spit on Your Grave,/I-Spit-on-Your-Grave.html,22,12,5,10,0,19,0,2,1,2,0,22410
565,631,631,I Still Know What You Did Last Summer,/I-Still-Know-What-You-Did-Last-Summer.html,0,0,6,0,0,0,0,0,0,0,0,21185
566,632,632,I'll Do Anything,/I'll-Do-Anything.html,11,8,3,2,0,0,2,0,0,2,0,25887
567,633,633,"I, Robot","/I,-Robot.html",4,0,1,0,3,0,0,0,0,0,0,22505
568,634,634,"Ice Storm, The","/Ice-Storm,-The.html",17,0,4,0,1,3,2,0,0,2,0,20613
569,635,635,"Ides of March, The","/Ides-of-March,-The.html",18,14,0,0,2,2,2,0,1,0,0,18182
570,636,636,"Imaginarium of Doctor Parnassus, The","/Imaginarium-of-Doctor-Parnassus,-The.html",1,1,3,3,0,0,0,0,0,4,0,24378
571,637,637,In the Bedroom,/In-the-Bedroom.html,3,2,0,3,1,1,0,1,1,2,0,24847
572,638,638,In the Loop,/In-the-Loop.html,24,42,0,2,0,2,3,2,5,1,0,25946
573,639,639,Inception,/Inception.html,1,0,2,0,2,0,0,0,0,0,0,28816
575,641,641,Independence Day,/Independence-Day.html,5,2,7,2,0,4,3,0,0,0,0,27373
576,642,642,Indiana Jones and the Last Crusade,/Indiana-Jones-and-the-Last-Crusade.html,0,0,4,0,0,0,0,0,0,0,0,25241
577,643,643,Indiana Jones and the Raiders of the Lost Ark,/Indiana-Jones-and-the-Raiders-of-the-Lost-Ark.html,1,0,2,1,0,0,0,0,0,0,0,28829
578,644,644,Indiana Jones and the Temple of Doom,/Indiana-Jones-and-the-Temple-of-Doom.html,1,0,8,0,0,2,0,0,0,0,0,33593
579,645,645,Indiana Jones IV,/Indiana-Jones-IV.html,0,0,3,2,0,0,1,0,0,2,0,36920
580,646,646,"Informant, The","/Informant,-The.html",8,4,4,0,0,0,0,0,0,0,0,35316
581,647,647,Inglourious Basterds,/Inglourious-Basterds.html,6,15,10,3,0,9,0,0,0,0,0,34696
583,649,649,"Insider, The","/Insider,-The.html",5,15,2,0,0,3,3,0,0,0,0,28245
584,650,650,Insidious,/Insidious.html,3,3,1,2,2,0,0,0,0,0,0,22558
585,651,651,Insomnia,/Insomnia.html,11,9,0,4,2,4,0,0,0,3,0,25390
586,652,652,Interstellar,/Interstellar.html,0,0,2,0,0,2,0,0,0,0,0,36012
587,653,653,Interview with the Vampire,/Interview-with-the-Vampire.html,5,0,1,0,0,0,0,0,0,1,0,22986
588,654,654,Into the Wild,/Into-the-Wild.html,6,1,0,0,0,4,0,0,0,1,0,31705
589,655,655,Into the Woods,/Into-the-Woods.html,0,0,0,0,0,0,0,0,0,0,0,24033
590,656,656,Intolerable Cruelty,/Intolerable-Cruelty.html,4,2,2,1,0,12,0,0,0,0,0,17596
591,657,657,Inventing the Abbotts,/Inventing-the-Abbotts.html,21,9,6,1,3,3,3,0,0,1,0,23851
592,658,658,"Invention of Lying, The","/Invention-of-Lying,-The.html",7,9,3,2,3,3,0,0,0,0,2,22746
593,659,659,Invictus,/Invictus.html,4,0,2,0,0,1,0,0,1,1,0,28453
594,660,660,"Iron Lady, The","/Iron-Lady,-The.html",0,0,2,0,0,0,0,0,0,0,0,19485
595,661,661,"Island, The","/Island,-The.html",2,8,1,0,1,3,0,0,0,0,0,42807
596,662,662,It,/It.html,20,6,3,0,1,7,6,3,1,0,0,28250
597,663,663,It Happened One Night,/It-Happened-One-Night.html,0,0,0,0,0,0,0,0,0,0,0,35338
598,664,664,It Happened One Night,/It-Happened-One-Night.html,0,0,0,0,0,0,0,0,0,0,0,35338
599,665,665,It's a Wonderful Life,/It's-a-Wonderful-Life.html,0,0,0,0,0,0,0,0,0,0,0,34379
600,666,666,It's Complicated,/It's-Complicated.html,1,0,0,1,0,3,0,0,0,0,0,21525
601,667,667,"Italian Job, The","/Italian-Job,-The.html",15,2,3,1,2,3,0,0,1,1,0,21472
602,668,668,"Jacket, The","/Jacket,-The.html",9,5,0,0,0,0,0,0,0,2,0,29345
603,669,669,Jackie Brown,/Jackie-Brown.html,60,42,10,7,2,49,1,0,0,0,0,33492
604,670,670,Jacob's Ladder,/Jacob's-Ladder.html,16,5,6,6,0,1,1,0,0,2,0,35102
605,671,671,Jade,/Jade.html,0,0,0,0,0,0,0,0,0,0,0,19
606,672,672,Jane Eyre,/Jane-Eyre.html,0,0,0,0,0,0,0,0,0,0,0,28137
607,673,673,Jason X,/Jason-X.html,39,7,8,9,7,18,2,0,1,1,0,22744
608,674,674,Jaws,/Jaws.html,1,0,7,2,0,4,0,0,0,2,0,28686
609,675,675,Jaws 2,/Jaws-2.html,14,0,7,4,0,6,0,0,0,4,0,25080
610,676,676,Jay and Silent Bob Strike Back,/Jay-and-Silent-Bob-Strike-Back.html,84,112,6,31,5,32,13,6,31,1,0,25713
611,677,677,Jennifer Eight,/Jennifer-Eight.html,21,18,1,2,1,8,1,0,0,13,0,36596
612,678,678,Jennifer's Body,/Jennifer's-Body.html,13,6,1,4,0,9,2,0,1,1,0,23733
613,679,679,Jerry Maguire,/Jerry-Maguire.html,8,6,3,1,1,3,3,0,0,0,0,27981
614,680,680,Jeux Interdits,/Jeux-Interdits.html,0,0,0,0,0,0,0,0,0,0,0,26121
615,681,681,JFK,/JFK.html,11,12,4,3,1,5,2,0,1,3,0,54482
616,682,682,Jimmy and Judy,/Jimmy-and-Judy.html,33,36,6,8,1,14,1,0,0,0,2,27122
617,683,683,John Q,/John-Q.html,12,0,5,4,4,8,0,0,0,1,0,25163
618,684,684,John Wick,/John-Wick.html,9,21,0,1,0,2,0,0,0,1,1,18903
619,685,685,Judge Dredd,/Judge-Dredd.html,1,3,2,3,1,9,0,0,0,0,0,24168
620,686,686,Juno,/Juno.html,8,1,2,1,1,7,1,0,0,1,1,18968
621,687,687,Jurassic Park,/Jurassic-Park.html,12,0,11,1,0,1,0,0,0,2,0,31471
622,688,688,Jurassic Park III,/Jurassic-Park-III.html,2,0,7,0,1,0,0,0,0,0,0,19941
624,690,690,Kafka,/Kafka.html,0,0,1,0,0,0,0,0,0,0,0,22346
625,691,691,Kalifornia,/Kalifornia.html,12,10,5,6,1,6,0,0,0,0,0,26838
626,692,692,Kate & Leopold,/Kate-&-Leopold.html,6,1,0,1,1,0,1,0,0,0,0,21043
627,693,693,Kids,/Kids.html,38,35,2,11,1,8,16,3,0,2,0,17627
628,694,694,"Kids Are All Right, The","/Kids-Are-All-Right,-The.html",7,12,0,1,1,13,4,1,2,0,0,16723
629,695,695,Kill Bill Volume 1 & 2,/Kill-Bill-Volume-1-&-2.html,18,15,6,27,1,17,1,14,0,6,0,44453
630,696,696,Kill Your Darlings,/Kill-Your-Darlings.html,4,7,2,2,1,0,0,0,1,2,0,17733
631,697,697,Killing Zoe,/Killing-Zoe.html,21,31,7,5,4,4,1,5,0,3,0,18707
632,698,698,King Kong,/King-Kong.html,0,0,1,0,0,0,0,0,0,0,0,30566
633,699,699,"King of Comedy, The","/King-of-Comedy,-The.html",0,0,0,0,0,1,0,0,0,0,0,27843
634,700,700,"King's Speech, The","/King's-Speech,-The.html",7,10,6,0,0,0,0,0,0,4,0,22096
635,701,701,"Kingdom, The","/Kingdom,-The.html",5,6,3,0,0,3,0,0,0,0,0,30955
636,702,702,Kiss of the Spider Woman,/Kiss-of-the-Spider-Woman.html,0,0,0,0,0,0,0,0,0,0,0,24
637,703,703,Klute,/Klute.html,0,0,2,3,0,1,0,0,0,2,0,25009
638,704,704,Knocked Up,/Knocked-Up.html,52,53,2,4,11,11,12,2,1,1,0,26765
639,705,705,Kramer vs Kramer,/Kramer-vs-Kramer.html,9,2,2,1,0,1,0,0,0,0,0,26849
640,706,706,Kundun,/Kundun.html,0,0,0,0,0,0,0,0,1,0,0,23870
641,707,707,Kung Fu Panda,/Kung-Fu-Panda.html,0,0,0,0,0,0,0,0,0,0,0,15396
642,708,708,L.A. Confidential,/L.A.-Confidential.html,11,17,1,0,0,4,10,0,0,2,0,26711
643,709,709,La La Land,/La-La-Land.html,5,3,2,0,1,1,1,0,0,0,0,18915
644,710,710,Labor of Love,/Labor-of-Love.html,10,1,5,1,1,2,0,0,0,0,0,27020
645,711,711,Labyrinth,/Labyrinth.html,0,0,5,0,0,0,0,0,0,0,0,20712
646,712,712,"Ladykillers, The","/Ladykillers,-The.html",18,15,6,7,4,19,4,0,0,1,0,24915
647,713,713,Lake Placid,/Lake-Placid.html,11,3,0,0,1,1,0,0,0,1,0,15744
648,714,714,Land of the Dead,/Land-of-the-Dead.html,9,12,3,0,0,5,2,0,1,4,0,21735
649,715,715,Larry Crowne,/Larry-Crowne.html,1,1,3,1,2,3,4,0,1,0,0,21128
650,716,716,"Last Boy Scout, The","/Last-Boy-Scout,-The.html",54,59,6,21,16,8,3,0,2,11,0,30153
651,717,717,Last Chance Harvey,/Last-Chance-Harvey.html,4,3,1,0,1,0,0,0,0,0,0,15852
652,718,718,"Last Flight, The","/Last-Flight,-The.html",0,0,0,0,0,0,0,0,0,0,0,22293
653,719,719,"Last of the Mohicans, The","/Last-of-the-Mohicans,-The.html",0,0,2,0,0,0,0,0,1,0,0,25661
654,720,720,"Last Samurai, The","/Last-Samurai,-The.html",4,1,3,1,0,2,0,0,0,0,0,29057
655,721,721,"Last Station, The","/Last-Station,-The.html",0,0,1,1,0,0,0,0,1,0,0,19525
656,722,722,Last Tango in Paris,/Last-Tango-in-Paris.html,10,8,1,0,2,16,0,0,1,2,0,18338
657,723,723,Law Abiding Citizen,/Law-Abiding-Citizen.html,28,25,1,5,5,10,0,0,0,0,0,27800
658,724,724,Le Diable par la Queue,/Le-Diable-par-la-Queue.html,0,0,0,0,0,0,0,0,0,0,0,30645
659,725,725,Leaving Las Vegas,/Leaving-Las-Vegas.html,3,29,1,0,2,3,0,1,0,0,0,20487
660,726,726,Legally Blonde,/Legally-Blonde.html,1,2,2,4,1,11,5,0,2,2,0,22713
661,727,727,Legend,/Legend.html,1,0,2,0,0,2,1,0,1,1,0,26406
662,728,728,Legion,/Legion.html,10,22,4,4,1,3,0,0,1,0,0,23093
663,729,729,Les Miserables,/Les-Miserables.html,1,0,0,1,0,0,0,0,0,3,0,29716
664,730,730,Les Tontons Flingueurs,/Les-Tontons-Flingueurs.html,0,0,0,0,0,0,0,0,0,0,0,33627
667,733,733,Leviathan,/Leviathan.html,17,10,4,3,1,6,0,2,0,0,0,22093
668,734,734,Liar Liar,/Liar-Liar.html,9,0,4,1,0,4,3,0,0,4,0,18722
669,735,735,Life,/Life.html,14,12,24,8,1,12,1,0,0,0,0,27318
670,736,736,Life As A House,/Life-As-A-House.html,12,6,0,1,0,4,1,1,0,0,0,27554
671,737,737,"Life of David Gale, The","/Life-of-David-Gale,-The.html",12,14,3,0,0,0,4,0,0,0,0,23045
672,738,738,Life of Pi,/Life-of-Pi.html,0,0,0,0,0,0,0,0,0,0,0,19478
673,739,739,Light Sleeper,/Light-Sleeper.html,7,13,1,1,0,4,1,0,0,0,1,14165
674,740,740,"Limey, The","/Limey,-The.html",12,14,0,1,3,3,1,1,0,2,0,20444
675,741,741,Limitless,/Limitless.html,15,14,0,0,2,3,0,0,0,0,0,24460
676,742,742,Lincoln,/Lincoln.html,3,0,10,0,0,0,0,0,0,0,0,27766
677,743,743,"Lincoln Lawyer, The","/Lincoln-Lawyer,-The.html",15,5,2,5,1,3,1,0,0,2,0,25373
678,744,744,"Lion King, The","/Lion-King,-The.html",0,0,0,0,0,0,0,0,0,0,0,22
679,745,745,Little Athens,/Little-Athens.html,79,51,1,9,18,22,1,1,4,2,0,27712
680,746,746,"Little Mermaid, The","/Little-Mermaid,-The.html",0,0,0,0,0,0,0,0,0,0,0,8210
681,747,747,Little Nicky,/Little-Nicky.html,9,0,4,1,0,13,0,0,0,0,0,18966
682,748,748,Living in Oblivion,/Living-in-Oblivion.html,11,10,4,0,2,6,0,0,1,1,0,18156
683,749,749,"Lock, Stock and Two Smoking Barrels","/Lock,-Stock-and-Two-Smoking-Barrels.html",16,18,0,0,0,0,2,2,3,3,0,20422
684,750,750,Logan,/Logan.html,17,19,1,1,6,4,1,0,1,0,0,31020
685,751,751,Logan's Run,/Logan's-Run.html,0,0,4,0,0,0,0,0,0,0,0,24691
686,752,752,Lone Star,/Lone-Star.html,4,3,10,0,2,2,0,1,0,0,0,24546
687,753,753,"Long Kiss Goodnight, The","/Long-Kiss-Goodnight,-The.html",18,37,7,14,1,15,3,0,0,6,0,29376
688,754,754,Looper,/Looper.html,13,17,0,0,0,2,1,1,0,1,0,27058
689,755,755,Lord of Illusions,/Lord-of-Illusions.html,18,19,4,1,3,1,0,0,0,2,0,21351
693,759,759,Lord of War,/Lord-of-War.html,2,27,2,0,1,1,0,0,1,0,0,26446
694,760,760,"Losers, The","/Losers,-The.html",28,1,4,0,0,4,3,0,0,2,0,21136
695,761,761,Lost Highway,/Lost-Highway.html,7,7,4,2,1,2,8,1,0,0,0,24423
696,762,762,Lost Horizon,/Lost-Horizon.html,0,0,0,0,0,0,0,0,0,0,0,27395
697,763,763,Lost in Space,/Lost-in-Space.html,2,0,10,1,0,1,0,0,0,0,0,24345
698,764,764,Lost in Translation,/Lost-in-Translation.html,1,3,0,0,0,0,0,0,0,0,0,13793
699,765,765,Love and Basketball,/Love-and-Basketball.html,12,5,13,2,1,27,9,0,0,0,0,21903
700,766,766,Machete,/Machete.html,13,23,1,4,1,10,5,1,0,3,0,15288
701,767,767,Machine Gun Preacher,/Machine-Gun-Preacher.html,11,15,5,1,0,1,1,0,0,1,0,29475
703,769,769,Made,/Made.html,76,39,4,2,3,19,0,0,0,0,0,18760
704,770,770,Magnolia,/Magnolia.html,26,107,10,7,9,6,12,3,3,0,0,42607
705,771,771,"Majestic, The (The Bijou)","/Majestic,-The-(The-Bijou).html",1,0,5,0,0,1,1,0,0,0,0,28874
706,772,772,Major League,/Major-League.html,21,1,8,2,0,5,6,0,0,0,0,25459
707,773,773,Malcolm X,/Malcolm-X.html,10,0,3,4,0,2,2,0,0,4,0,31468
708,774,774,Malibu's Most Wanted,/Malibu's-Most-Wanted.html,6,1,31,8,0,37,0,0,1,0,0,19489
709,775,775,Man in the Iron Mask,/Man-in-the-Iron-Mask.html,2,0,0,0,0,0,0,0,0,0,0,27229
710,776,776,Man On Fire,/Man-On-Fire.html,4,9,2,0,0,6,1,0,0,0,0,27019
711,777,777,Man on the Moon,/Man-on-the-Moon.html,7,8,2,0,5,5,0,0,1,2,0,26414
712,778,778,Man Trouble,/Man-Trouble.html,9,3,8,5,1,2,1,0,0,3,0,28401
713,779,779,"Man Who Knew Too Much, The","/Man-Who-Knew-Too-Much,-The.html",0,0,1,0,0,0,0,0,0,0,0,37758
714,780,780,"Man Who Wasn't There, The","/Man-Who-Wasn't-There,-The.html",0,0,6,0,0,2,0,0,0,0,0,19828
715,781,781,"Manchurian Candidate, The","/Manchurian-Candidate,-The.html",12,3,1,0,0,5,1,0,0,1,0,27110
716,782,782,Manhattan Murder Mystery,/Manhattan-Murder-Mystery.html,0,0,2,0,0,0,0,0,0,0,0,40591
717,783,783,Manhunter,/Manhunter.html,5,5,2,2,1,1,0,0,0,1,0,27880
718,784,784,Margaret,/Margaret.html,8,12,1,1,1,6,0,0,0,0,0,38050
719,785,785,Margin Call,/Margin-Call.html,11,36,3,0,0,2,0,0,0,0,0,19635
720,786,786,Margot at the Wedding,/Margot-at-the-Wedding.html,11,13,0,1,1,3,64,0,0,0,0,19641
721,787,787,"Mariachi, El","/Mariachi,-El.html",0,0,0,0,1,0,0,0,0,0,0,13456
722,788,788,Marley & Me,/Marley-&-Me.html,0,0,2,1,0,3,1,0,0,1,0,25706
723,789,789,Martha Marcy May Marlene,/Martha-Marcy-May-Marlene.html,5,8,1,0,0,4,1,0,0,0,0,13866
724,790,790,"Martian, The","/Martian,-The.html",9,4,1,0,1,2,2,0,0,0,0,24413
725,791,791,Marty,/Marty.html,0,0,0,0,0,0,0,0,0,0,0,21078
726,792,792,Mary Poppins,/Mary-Poppins.html,0,0,0,0,0,0,0,0,0,0,0,14931
727,793,793,"Mask, The","/Mask,-The.html",2,0,1,5,1,2,1,0,1,1,0,26273
728,794,794,Master and Commander,/Master-and-Commander.html,0,0,2,0,0,0,0,0,0,0,0,24776
729,795,795,"Master, The","/Master,-The.html",4,8,0,0,0,3,13,3,0,0,0,22669
731,797,797,"Matrix Reloaded, The","/Matrix-Reloaded,-The.html",19,19,0,0,1,8,0,1,0,2,0,20986
732,798,798,"Matrix, The","/Matrix,-The.html",21,6,0,0,0,3,1,0,0,0,0,23786
733,799,799,Max Payne,/Max-Payne.html,4,0,1,1,2,0,1,0,0,0,0,23897
734,800,800,Mean Streets,/Mean-Streets.html,8,6,3,0,0,0,0,0,0,7,0,20489
735,801,801,"Mechanic, The","/Mechanic,-The.html",4,4,7,1,0,3,0,0,0,4,0,29911
736,802,802,Meet Joe Black,/Meet-Joe-Black.html,7,0,7,0,1,3,1,0,0,0,0,30537
737,803,803,Meet John Doe,/Meet-John-Doe.html,0,0,0,0,0,0,0,0,0,0,0,32616
738,804,804,Megamind,/Megamind.html,5,0,3,3,0,8,2,0,1,1,0,24084
739,805,805,Memento,/Memento.html,14,35,0,0,0,0,0,0,0,0,0,33120
740,806,806,Men in Black,/Men-in-Black.html,9,0,10,1,0,4,1,0,0,3,0,25631
741,807,807,Men in Black 3,/Men-in-Black-3.html,3,0,8,0,1,9,0,0,0,2,0,20198
742,808,808,"Men Who Stare at Goats, The","/Men-Who-Stare-at-Goats,-The.html",12,6,4,0,0,1,0,1,0,0,0,23543
743,809,809,Metro,/Metro.html,26,24,5,5,1,4,0,0,0,0,0,27671
744,810,810,Miami Vice,/Miami-Vice.html,6,11,1,0,0,4,0,0,0,0,0,22192
745,811,811,Midnight Cowboy,/Midnight-Cowboy.html,1,0,2,1,0,4,0,0,0,7,0,23208
746,812,812,Midnight Express,/Midnight-Express.html,17,29,2,1,4,10,0,0,2,3,0,27907
747,813,813,Midnight in Paris,/Midnight-in-Paris.html,0,0,4,0,0,0,0,0,0,0,0,14999
748,814,814,Mighty Joe Young,/Mighty-Joe-Young.html,0,0,3,0,0,3,0,0,0,2,0,28157
750,816,816,Milk,/Milk.html,12,5,2,0,3,2,44,0,2,0,0,24397
751,817,817,Miller's Crossing,/Miller's-Crossing.html,0,0,3,2,0,1,0,0,0,0,0,28908
752,818,818,Mimic,/Mimic.html,17,8,1,1,1,0,0,0,0,0,0,21548
753,819,819,Mini's First Time,/Mini's-First-Time.html,6,8,4,8,0,2,4,0,0,0,0,25046
754,820,820,Minority Report,/Minority-Report.html,5,7,2,1,0,0,0,0,0,2,0,28208
755,821,821,"Miracle Worker, The","/Miracle-Worker,-The.html",0,0,0,0,0,0,0,0,0,0,0,3515
756,822,822,Mirrors,/Mirrors.html,4,3,6,0,0,1,0,0,0,0,0,26365
757,823,823,Misery,/Misery.html,4,2,0,3,0,0,0,0,0,1,0,22401
758,824,824,Mission Impossible,/Mission-Impossible.html,0,0,6,4,1,4,0,0,0,1,0,22002
759,825,825,Mission Impossible II,/Mission-Impossible-II.html,2,0,9,3,0,2,0,0,0,2,0,24172
760,826,826,Mission to Mars,/Mission-to-Mars.html,2,0,6,1,0,0,0,0,0,1,0,29577
761,827,827,Moneyball,/Moneyball.html,7,7,0,1,1,7,2,0,0,0,0,32246
762,828,828,Monkeybone,/Monkeybone.html,7,0,4,0,0,15,0,1,0,3,0,27235
763,829,829,Monster's Ball,/Monster's-Ball.html,0,0,0,0,0,0,0,0,0,0,0,21
764,830,830,Monte Carlo,/Monte-Carlo.html,0,0,1,1,0,2,0,0,0,0,0,25531
765,831,831,Moon,/Moon.html,8,11,1,0,2,1,0,0,0,1,0,21352
766,832,832,Moonrise Kingdom,/Moonrise-Kingdom.html,1,0,2,0,0,0,0,0,0,0,0,25994
767,833,833,Moonstruck,/Moonstruck.html,1,0,1,2,0,0,0,0,0,0,0,21280
768,834,834,Mr Blandings Builds His Dream House,/Mr-Blandings-Builds-His-Dream-House.html,0,0,0,0,0,0,0,0,0,0,0,25838
769,835,835,Mr Brooks,/Mr-Brooks.html,4,10,1,1,5,5,1,0,0,0,0,27746
770,836,836,Mr Deeds Goes to Town,/Mr-Deeds-Goes-to-Town.html,0,0,0,0,0,0,0,0,0,0,0,30484
771,837,837,Mr. Holland's Opus,/Mr.-Holland's-Opus.html,0,0,0,0,0,0,0,0,0,0,0,22
772,838,838,Mrs. Brown,/Mrs.-Brown.html,3,0,1,0,0,0,0,0,0,0,0,17834
773,839,839,Mud,/Mud.html,25,0,3,3,1,9,1,0,0,0,0,30751
774,840,840,Mulan,/Mulan.html,0,0,0,0,0,0,0,0,1,0,0,17653
775,841,841,Mulholland Drive,/Mulholland-Drive.html,1,0,3,1,0,1,0,0,0,1,0,22030
776,842,842,Mumford,/Mumford.html,5,2,2,2,2,2,3,0,0,1,0,26971
777,843,843,"Mummy, The","/Mummy,-The.html",7,0,5,1,0,17,0,0,0,2,0,28405
778,844,844,Music of the Heart,/Music-of-the-Heart.html,4,0,2,1,1,0,0,0,0,0,0,25713
779,845,845,Mute Witness,/Mute-Witness.html,5,0,2,0,0,0,0,0,0,0,0,24606
780,846,846,My Best Friend's Wedding,/My-Best-Friend's-Wedding.html,21,4,5,3,2,2,0,0,0,0,0,27760
781,847,847,My Girl,/My-Girl.html,4,0,2,0,0,0,1,0,0,0,0,15440
782,848,848,My Mother Dreams the Satan's Disciples in New York,/My-Mother-Dreams-the-Satan's-Disciples-in-New-York.html,2,0,1,0,1,0,0,0,0,0,0,7140
783,849,849,My Week with Marilyn,/My-Week-with-Marilyn.html,2,5,2,0,0,1,0,0,0,1,0,30308
784,850,850,Mystery Men,/Mystery-Men.html,0,0,3,1,0,1,0,0,0,1,0,23219
786,852,852,Nashville,/Nashville.html,0,0,1,0,0,1,0,0,0,2,0,18587
787,853,853,Natural Born Killers,/Natural-Born-Killers.html,28,7,5,8,4,4,6,0,0,0,1,27568
788,854,854,Never Been Kissed,/Never-Been-Kissed.html,3,0,3,0,0,5,1,0,0,0,0,25143
789,855,855,"Neverending Story, The","/Neverending-Story,-The.html",0,0,0,0,0,0,0,0,0,0,0,10081
790,856,856,New York Minute,/New-York-Minute.html,3,0,4,0,0,1,0,0,0,0,0,20298
791,857,857,Newsies,/Newsies.html,0,0,3,0,0,0,0,0,0,0,0,26179
792,858,858,Next,/Next.html,5,0,5,2,2,3,1,0,0,3,0,25707
793,859,859,Next Friday,/Next-Friday.html,23,14,27,5,2,42,0,0,0,0,0,17068
794,860,860,"Next Three Days, The","/Next-Three-Days,-The.html",5,1,0,3,3,2,0,0,0,0,0,26451
795,861,861,Ni vu ni connu,/Ni-vu-ni-connu.html,0,0,0,0,0,0,0,0,0,0,0,39995
796,862,862,Nick of Time,/Nick-of-Time.html,7,8,1,4,0,3,0,0,0,0,0,20746
797,863,863,Night Time (The Poltergeist Treatment),/Night-Time-(The-Poltergeist-Treatment).html,1,0,0,0,0,0,0,0,0,0,0,10874
798,864,864,Nightbreed,/Nightbreed.html,17,6,10,0,3,2,0,0,0,4,0,28186
799,865,865,"Nightmare Before Christmas, The","/Nightmare-Before-Christmas,-The.html",0,0,0,0,0,0,0,0,0,0,0,7164
800,866,866,"Nightmare Before Christmas, The","/Nightmare-Before-Christmas,-The.html",0,0,0,0,0,0,0,0,0,0,0,7164
801,867,867,"Nightmare on Elm Street, A","/Nightmare-on-Elm-Street,-A.html",8,3,6,0,1,3,0,0,1,5,0,26958
803,869,869,Nine,/Nine.html,0,0,0,0,0,3,0,0,0,0,0,18973
804,870,870,"Nines, The","/Nines,-The.html",10,4,1,0,0,7,0,0,0,0,0,17874
805,871,871,Ninja Assassin,/Ninja-Assassin.html,6,14,3,1,0,1,0,0,0,0,0,21830
806,872,872,Ninotchka,/Ninotchka.html,0,0,0,0,0,0,0,0,0,0,0,28983
807,873,873,"Ninth Gate, The","/Ninth-Gate,-The.html",5,1,3,1,0,0,0,0,0,2,0,22940
808,874,874,No Country for Old Men,/No-Country-for-Old-Men.html,1,0,3,1,0,5,0,0,0,0,0,23018
809,875,875,No Strings Attached,/No-Strings-Attached.html,10,20,0,5,1,4,10,1,2,0,0,21083
810,876,876,Notting Hill,/Notting-Hill.html,4,2,4,1,0,2,0,0,0,0,0,17417
811,877,877,Nurse Betty,/Nurse-Betty.html,25,27,8,4,5,4,3,0,0,1,0,31905
813,879,879,Oblivion,/Oblivion.html,0,0,3,1,0,0,0,0,0,0,0,24116
814,880,880,Observe and Report,/Observe-and-Report.html,46,42,2,9,1,19,5,2,1,0,1,24907
815,881,881,Obsessed,/Obsessed.html,2,4,4,4,5,2,1,0,1,0,0,19891
816,882,882,Ocean's Eleven,/Ocean's-Eleven.html,14,2,1,1,0,1,0,0,0,0,0,30838
817,883,883,Ocean's Twelve,/Ocean's-Twelve.html,2,0,4,1,1,0,0,1,0,0,0,23821
818,884,884,Office Space,/Office-Space.html,22,3,2,3,3,13,0,4,0,1,0,12763
819,885,885,"Officer and a Gentleman, An","/Officer-and-a-Gentleman,-An.html",0,0,0,0,0,0,0,0,0,0,0,23
820,886,886,Omega Man,/Omega-Man.html,0,0,5,3,0,2,0,0,0,8,0,24398
821,887,887,One Flew Over the Cuckoo's Nest,/One-Flew-Over-the-Cuckoo's-Nest.html,6,2,1,2,2,13,0,1,1,1,0,26237
822,888,888,Only God Forgives,/Only-God-Forgives.html,1,12,0,1,0,0,0,0,1,0,0,20323
823,889,889,Ordinary People,/Ordinary-People.html,12,10,3,1,0,8,1,0,1,1,0,20863
824,890,890,Orgy of the Dead,/Orgy-of-the-Dead.html,0,0,0,0,0,0,0,0,0,0,0,6385
825,891,891,Orphan,/Orphan.html,8,3,1,3,1,0,0,0,0,0,0,31049
826,892,892,"Other Boleyn Girl, The","/Other-Boleyn-Girl,-The.html",0,0,1,0,0,0,0,0,0,3,0,24876
827,893,893,Out of Sight,/Out-of-Sight.html,39,19,2,0,4,10,11,3,0,1,0,31560
829,895,895,"Pacifier, The","/Pacifier,-The.html",0,0,0,0,0,5,0,0,0,0,0,24353
830,896,896,Pandorum,/Pandorum.html,10,3,5,1,2,1,0,0,0,3,0,29029
831,897,897,Panic Room,/Panic-Room.html,11,21,6,1,2,3,0,0,0,0,0,23523
832,898,898,Papadopoulos & Sons,/Papadopoulos-&-Sons.html,4,6,0,0,0,0,0,0,0,0,0,14959
833,899,899,ParaNorman,/ParaNorman.html,0,0,0,0,0,0,0,0,0,0,0,23714
834,900,900,Pariah,/Pariah.html,13,6,10,0,0,8,1,4,0,0,0,20473
835,901,901,"Passion of Joan of Arc, The","/Passion-of-Joan-of-Arc,-The.html",0,0,0,0,0,0,0,0,1,0,0,16308
836,902,902,"Patriot, The","/Patriot,-The.html",0,0,7,0,0,1,0,0,0,0,0,30931
837,903,903,Paul,/Paul.html,18,8,4,2,0,3,0,0,0,2,0,22578
838,904,904,Pearl Harbor,/Pearl-Harbor.html,23,5,0,6,1,4,0,0,1,1,0,34020
839,905,905,Peeping Tom,/Peeping-Tom.html,0,0,0,1,0,0,0,0,0,0,0,27819
840,906,906,Peggy Sue Got Married,/Peggy-Sue-Got-Married.html,2,0,5,1,0,0,2,0,0,0,0,24695
841,907,907,Perfect Creature,/Perfect-Creature.html,3,4,1,0,0,0,0,0,0,0,0,24579
842,908,908,"Perfect World, A","/Perfect-World,-A.html",11,0,11,1,0,9,1,1,0,0,0,31648
843,909,909,"Perks of Being a Wallflower, The","/Perks-of-Being-a-Wallflower,-The.html",10,0,3,2,0,9,1,2,0,0,0,21674
844,910,910,Pet Sematary,/Pet-Sematary.html,10,1,4,2,2,2,0,0,0,0,0,31425
845,911,911,Pet Sematary II,/Pet-Sematary-II.html,10,4,5,0,0,10,0,2,0,2,0,23875
846,912,912,Petulia,/Petulia.html,0,0,7,1,0,1,1,0,1,3,0,22335
847,913,913,Philadelphia,/Philadelphia.html,11,6,1,1,3,3,3,0,0,0,0,23587
848,914,914,Phone Booth,/Phone-Booth.html,16,13,7,2,3,7,0,0,0,4,0,18004
849,915,915,Pi,/Pi.html,3,3,9,0,0,1,0,0,0,3,0,15413
850,916,916,"Pianist, The","/Pianist,-The.html",3,2,2,1,0,0,0,0,1,1,0,21717
851,917,917,"Piano, The","/Piano,-The.html",2,0,4,0,0,1,0,0,0,0,0,21848
852,918,918,Pineapple Express,/Pineapple-Express.html,61,94,1,5,5,5,3,0,2,2,2,23015
853,919,919,Pirates of the Caribbean,/Pirates-of-the-Caribbean.html,0,0,2,0,0,0,0,0,0,1,0,27146
855,921,921,Pitch Black,/Pitch-Black.html,7,8,0,0,2,9,0,0,1,0,0,20176
856,922,922,"Planet of the Apes, The","/Planet-of-the-Apes,-The.html",0,0,2,0,0,0,0,0,0,0,0,24614
857,923,923,Platinum Blonde,/Platinum-Blonde.html,0,0,0,0,0,0,0,0,1,0,0,25152
858,924,924,Platoon,/Platoon.html,99,37,1,7,6,34,6,8,0,2,0,29845
859,925,925,Pleasantville,/Pleasantville.html,1,0,1,1,0,0,104,0,0,1,0,32979
860,926,926,Point Break,/Point-Break.html,28,20,4,5,5,9,6,1,0,1,0,30103
862,928,928,"Postman, The","/Postman,-The.html",5,0,10,0,1,4,0,0,0,1,0,29373
863,929,929,"Power of One, The","/Power-of-One,-The.html",1,0,5,0,0,3,0,0,0,1,0,31239
864,930,930,Precious,/Precious.html,13,5,6,20,0,22,0,0,0,0,0,23726
865,931,931,Predator,/Predator.html,9,1,2,4,0,3,0,0,0,1,0,25166
866,932,932,"Prestige, The","/Prestige,-The.html",1,0,1,0,0,0,0,0,0,0,0,28208
867,933,933,Pretty Woman,/Pretty-Woman.html,10,1,1,2,3,4,0,0,0,0,0,22611
868,934,934,Pretty Woman (final script),/Pretty-Woman-(final-script).html,7,2,1,0,1,2,0,0,0,1,0,41812
869,935,935,Pride and Prejudice,/Pride-and-Prejudice.html,0,0,5,0,0,1,0,0,0,0,0,25647
870,936,936,Priest,/Priest.html,6,0,2,0,0,1,0,0,0,0,0,25012
871,937,937,"Princess Bride, The","/Princess-Bride,-The.html",0,0,0,1,0,0,0,0,0,0,0,22423
872,938,938,"Private Life of Sherlock Holmes, The","/Private-Life-of-Sherlock-Holmes,-The.html",0,0,3,0,0,0,0,0,0,0,0,25879
873,939,939,"Producer, The","/Producer,-The.html",0,0,0,0,0,0,0,1,1,0,0,18909
874,940,940,"Program, The","/Program,-The.html",36,8,8,2,4,13,0,1,0,2,0,27141
875,941,941,Prom Night,/Prom-Night.html,0,0,4,1,2,0,0,0,0,0,0,15926
876,942,942,Prometheus,/Prometheus.html,2,1,4,1,0,0,0,0,0,0,0,25523
877,943,943,"Prophecy, The","/Prophecy,-The.html",8,5,5,8,0,1,1,0,0,0,0,25243
878,944,944,"Proposal, The","/Proposal,-The.html",13,0,7,3,3,9,1,0,0,0,0,24628
879,945,945,Psycho,/Psycho.html,0,0,0,0,0,0,0,0,0,0,0,29736
880,946,946,Public Enemies,/Public-Enemies.html,2,1,5,3,1,1,1,0,0,1,0,27213
881,947,947,Pulp Fiction,/Pulp-Fiction.html,69,34,4,13,2,38,0,0,0,1,0,28976
882,948,948,Punch-Drunk Love,/Punch-Drunk-Love.html,6,17,4,0,2,0,2,2,1,0,0,16532
883,949,949,Purple Rain,/Purple-Rain.html,10,8,3,1,2,6,2,0,0,2,0,23203
884,950,950,Quantum Project,/Quantum-Project.html,0,0,0,1,0,0,0,0,0,0,0,6039
885,951,951,Queen of the Damned,/Queen-of-the-Damned.html,1,0,2,0,0,0,0,0,0,0,0,28559
886,952,952,"Queen, The","/Queen,-The.html",0,0,0,0,0,0,0,0,0,0,0,19234
887,953,953,Rachel Getting Married,/Rachel-Getting-Married.html,7,3,0,0,0,5,0,0,0,1,0,19011
888,954,954,Raging Bull,/Raging-Bull.html,4,19,0,1,1,9,0,0,3,0,0,23211
889,955,955,Raising Arizona,/Raising-Arizona.html,11,0,13,6,0,5,2,0,0,0,0,25889
890,956,956,Rambling Rose,/Rambling-Rose.html,3,0,12,11,0,4,0,0,0,3,0,34589
892,958,958,"Reader, The","/Reader,-The.html",0,0,0,0,0,0,0,0,0,0,0,16755
893,959,959,Real Genius,/Real-Genius.html,2,1,1,1,2,1,1,0,0,1,0,22798
894,960,960,Rear Window,/Rear-Window.html,0,0,0,0,0,0,0,0,0,0,0,37778
895,961,961,Rebel Without A Cause,/Rebel-Without-A-Cause.html,0,0,0,0,0,0,0,0,0,0,0,23189
896,962,962,Red Planet,/Red-Planet.html,4,12,17,4,0,2,1,0,0,0,0,23319
897,963,963,Red Riding Hood,/Red-Riding-Hood.html,0,0,0,0,0,2,0,0,0,2,0,28439
898,964,964,Reindeer Games,/Reindeer-Games.html,14,19,6,0,0,3,0,0,0,0,0,27011
899,965,965,"Relic, The","/Relic,-The.html",12,0,8,1,1,2,0,0,0,1,0,29453
900,966,966,Remember Me,/Remember-Me.html,7,2,2,1,6,6,1,0,0,0,0,20722
901,967,967,"Replacements, The","/Replacements,-The.html",22,10,12,2,1,16,4,1,0,0,0,24287
902,968,968,Repo Man,/Repo-Man.html,28,21,17,0,7,2,0,2,0,1,1,12908
903,969,969,"Rescuers Down Under, The","/Rescuers-Down-Under,-The.html",0,0,0,0,0,0,0,0,0,0,0,10353
904,970,970,Reservoir Dogs,/Reservoir-Dogs.html,55,62,1,9,7,20,20,5,0,8,0,20443
905,971,971,Resident Evil,/Resident-Evil.html,30,6,6,0,3,6,0,0,0,0,0,24091
906,972,972,Return of the Apes,/Return-of-the-Apes.html,8,3,0,0,0,0,0,0,2,0,0,33061
907,973,973,"Revenant, The","/Revenant,-The.html",9,1,2,3,0,4,0,0,0,1,0,24360
908,974,974,Revolutionary Road,/Revolutionary-Road.html,1,5,12,0,0,3,0,0,0,1,0,17846
909,975,975,Ringu,/Ringu.html,0,0,0,0,0,0,0,0,0,0,0,16823
910,976,976,Rise of the Guardians,/Rise-of-the-Guardians.html,0,0,0,0,0,0,0,0,0,0,0,28717
911,977,977,Rise of the Planet of the Apes,/Rise-of-the-Planet-of-the-Apes.html,0,0,3,2,0,2,0,0,1,0,0,23142
912,978,978,RKO 281,/RKO-281.html,9,16,4,3,0,1,0,0,0,1,0,23968
913,979,979,"Road, The","/Road,-The.html",0,2,1,1,1,4,0,0,1,2,0,25774
916,982,982,"Rock, The","/Rock,-The.html",20,12,1,2,0,1,2,0,0,0,0,25854
917,983,983,RocknRolla,/RocknRolla.html,11,10,0,0,0,0,0,0,2,7,0,25114
918,984,984,Rocky,/Rocky.html,0,1,7,0,0,2,0,0,0,1,0,22955
919,985,985,"Rocky Horror Picture Show, The","/Rocky-Horror-Picture-Show,-The.html",0,1,0,0,0,0,0,0,0,0,0,15694
920,986,986,Romeo & Juliet,/Romeo-&-Juliet.html,0,0,0,0,0,0,0,0,0,0,0,23099
921,987,987,Ronin,/Ronin.html,9,13,1,5,1,6,0,0,0,1,0,28386
922,988,988,Room,/Room.html,3,2,1,0,0,0,0,0,0,1,0,23547
923,989,989,"Roommate, The","/Roommate,-The.html",8,0,3,3,2,1,0,1,0,0,0,22570
924,990,990,Roughshod,/Roughshod.html,0,0,0,0,0,0,0,0,0,0,0,29860
925,991,991,"Ruins, The","/Ruins,-The.html",5,10,0,1,0,0,0,0,0,0,0,32140
926,992,992,Runaway Bride,/Runaway-Bride.html,0,0,0,0,1,2,0,0,0,1,0,25732
927,993,993,Rush,/Rush.html,2,5,0,0,11,2,0,0,0,1,0,22306
928,994,994,Rush Hour,/Rush-Hour.html,26,8,6,3,13,6,0,0,0,1,0,27818
929,995,995,Rush Hour 2,/Rush-Hour-2.html,21,0,6,1,0,17,1,0,0,1,0,19347
931,997,997,Rust and Bone,/Rust-and-Bone.html,11,10,1,3,1,3,0,0,0,0,0,21883
932,998,998,S. Darko,/S.-Darko.html,14,19,0,2,2,5,0,0,0,2,0,24310
933,999,999,"Saint, The","/Saint,-The.html",1,0,2,1,0,1,0,0,0,0,0,29522
934,1000,1000,"Salton Sea, The","/Salton-Sea,-The.html",15,17,4,4,3,15,3,0,0,1,0,23022
935,1001,1001,"Sandlot Kids, The","/Sandlot-Kids,-The.html",2,0,5,0,1,1,0,0,0,0,0,20656
936,1002,1002,Save the Last Dance,/Save-the-Last-Dance.html,53,17,4,12,4,22,1,0,0,0,0,26713
937,1003,1003,Saving Mr. Banks,/Saving-Mr.-Banks.html,0,0,1,0,0,0,128,0,0,0,0,24174
938,1004,1004,Saving Private Ryan,/Saving-Private-Ryan.html,10,8,8,4,2,5,0,0,0,5,0,23201
939,1005,1005,Saw,/Saw.html,13,18,2,2,2,0,0,0,0,8,0,25580
940,1006,1006,Scarface,/Scarface.html,35,67,0,1,4,18,1,3,1,0,0,37231
942,1008,1008,Schindler's List,/Schindler's-List.html,0,1,1,0,0,0,0,0,0,0,0,30532
943,1009,1009,Scott Pilgrim vs the World,/Scott-Pilgrim-vs-the-World.html,6,6,1,8,2,22,1,0,1,0,1,25770
944,1010,1010,Scream,/Scream.html,24,18,2,4,3,5,0,0,0,0,0,22777
945,1011,1011,Scream 2,/Scream-2.html,23,2,0,5,2,4,0,0,0,0,0,21245
946,1012,1012,Scream 3,/Scream-3.html,29,14,7,3,2,5,0,1,1,2,0,19101
947,1013,1013,Se7en,/Se7en.html,6,25,4,3,0,1,1,1,0,0,0,35452
948,1014,1014,"Searchers, The","/Searchers,-The.html",0,0,0,0,0,0,0,0,0,0,0,32335
949,1015,1015,"Secret Life of Walter Mitty, The","/Secret-Life-of-Walter-Mitty,-The.html",8,8,0,0,1,1,3,0,0,0,0,24818
950,1016,1016,Semi-Pro,/Semi-Pro.html,25,12,9,1,6,10,3,1,1,0,0,24217
951,1017,1017,Sense and Sensibility,/Sense-and-Sensibility.html,0,0,0,1,0,0,0,0,1,0,0,28230
952,1018,1018,Serenity,/Serenity.html,1,0,3,0,0,3,0,0,0,1,0,26853
953,1019,1019,Serial Mom,/Serial-Mom.html,4,8,3,4,2,0,1,7,2,1,0,20013
954,1020,1020,"Sessions, The","/Sessions,-The.html",5,1,2,1,2,0,4,0,1,0,0,18182
955,1021,1021,"Seventh Seal, The","/Seventh-Seal,-The.html",0,0,4,0,0,0,0,0,0,2,0,17127
956,1022,1022,Sex and the City,/Sex-and-the-City.html,6,3,1,1,1,3,5,0,0,0,0,31958
957,1023,1023,"Sex, Lies and Videotape","/Sex,-Lies-and-Videotape.html",8,5,2,7,3,1,0,0,0,2,0,16979
958,1024,1024,Sexual Life,/Sexual-Life.html,5,5,2,0,1,4,0,0,5,0,0,16881
960,1026,1026,Shakespeare in Love,/Shakespeare-in-Love.html,1,0,0,0,0,0,0,0,0,0,0,23744
961,1027,1027,Shallow Grave,/Shallow-Grave.html,1,1,0,0,0,0,0,0,0,1,0,14165
962,1028,1028,Shame,/Shame.html,6,27,0,1,3,7,1,1,1,0,0,16141
963,1029,1029,Shampoo,/Shampoo.html,14,17,2,4,1,5,0,0,1,3,0,24171
964,1030,1030,"Shawshank Redemption, The","/Shawshank-Redemption,-The.html",50,17,20,3,2,35,2,0,0,2,0,29933
965,1031,1031,She's Out of My League,/She's-Out-of-My-League.html,28,17,3,6,0,10,6,2,1,1,1,24021
966,1032,1032,Sherlock Holmes,/Sherlock-Holmes.html,2,1,0,0,0,0,0,0,0,0,0,31451
967,1033,1033,Shifty,/Shifty.html,10,58,0,0,0,0,0,0,0,0,0,15835
968,1034,1034,"Shining, The","/Shining,-The.html",0,5,1,3,0,0,12,0,0,0,0,23863
969,1035,1035,"Shipping News, The","/Shipping-News,-The.html",4,3,2,3,0,2,0,1,0,1,0,30306
970,1036,1036,Shivers,/Shivers.html,0,0,0,0,0,0,0,0,0,0,0,20607
971,1037,1037,Shrek,/Shrek.html,0,0,2,0,0,2,0,0,0,0,0,13530
972,1038,1038,Shrek the Third,/Shrek-the-Third.html,0,0,0,0,0,0,0,0,0,0,0,22305
973,1039,1039,Sicario,/Sicario.html,8,13,2,0,0,3,0,0,1,0,0,20732
974,1040,1040,Sideways,/Sideways.html,11,31,2,2,3,3,1,0,2,1,0,25684
975,1041,1041,"Siege, The","/Siege,-The.html",11,11,2,2,2,6,0,0,0,0,0,23937
976,1042,1042,Signs,/Signs.html,1,0,1,1,0,3,0,0,0,0,3,23175
977,1043,1043,Silence of the Lambs,/Silence-of-the-Lambs.html,9,3,4,4,1,1,1,1,3,2,0,31730
978,1044,1044,Silver Bullet,/Silver-Bullet.html,10,3,7,1,0,5,0,0,0,9,0,27458
979,1045,1045,Silver Linings Playbook,/Silver-Linings-Playbook.html,20,23,2,0,3,1,0,0,0,0,0,26686
980,1046,1046,Simone,/Simone.html,1,0,4,3,0,0,0,0,0,1,0,26872
981,1047,1047,Single White Female,/Single-White-Female.html,3,1,1,3,1,0,0,0,0,0,0,29443
982,1048,1048,Sister Act,/Sister-Act.html,0,1,4,3,1,3,0,0,0,1,0,26461
983,1049,1049,Six Degrees of Separation,/Six-Degrees-of-Separation.html,2,6,2,1,0,0,0,0,0,0,0,27540
984,1050,1050,"Sixth Sense, The","/Sixth-Sense,-The.html",1,0,1,0,0,0,1,0,0,1,0,23669
985,1051,1051,Sleepless in Seattle,/Sleepless-in-Seattle.html,1,1,0,0,0,0,0,0,0,0,0,20926
986,1052,1052,Sleepy Hollow,/Sleepy-Hollow.html,0,0,10,2,0,1,0,0,0,2,0,25461
987,1053,1053,Sling Blade,/Sling-Blade.html,11,2,5,6,1,8,1,2,0,2,0,22453
988,1054,1054,Slither,/Slither.html,18,8,6,3,1,3,0,2,0,2,0,23397
989,1055,1055,Slumdog Millionaire,/Slumdog-Millionaire.html,11,2,0,0,0,0,0,1,0,1,0,26855
990,1056,1056,Smashed,/Smashed.html,16,22,4,6,2,2,1,3,0,1,0,18501
991,1057,1057,Smokin' Aces,/Smokin'-Aces.html,42,22,9,4,2,14,0,7,2,2,0,30452
992,1058,1058,Snatch,/Snatch.html,9,40,0,0,0,1,2,3,0,15,0,23730
993,1059,1059,Sneakers,/Sneakers.html,0,0,0,0,0,0,0,0,0,0,0,20
994,1060,1060,Snow Falling On Cedars,/Snow-Falling-On-Cedars.html,1,2,3,4,0,2,0,0,1,2,0,32062
995,1061,1061,Snow White and the Huntsman,/Snow-White-and-the-Huntsman.html,0,0,2,0,0,1,0,0,0,1,0,26659
996,1062,1062,So I Married an Axe Murderer,/So-I-Married-an-Axe-Murderer.html,6,1,1,4,3,5,0,0,0,1,0,20583
997,1063,1063,"Social Network, The","/Social-Network,-The.html",13,13,2,4,5,3,0,0,0,0,0,31347
998,1064,1064,Solaris,/Solaris.html,1,4,1,0,0,0,0,0,0,1,0,12857
999,1065,1065,Soldier,/Soldier.html,10,4,4,0,0,11,0,1,0,0,0,33070
1000,1066,1066,Someone To Watch Over Me,/Someone-To-Watch-Over-Me.html,6,10,1,0,2,9,0,0,0,0,0,21506
1001,1067,1067,Something's Gotta Give,/Something's-Gotta-Give.html,5,3,2,2,0,7,1,0,0,0,0,27732
1002,1068,1068,Source Code,/Source-Code.html,5,3,1,1,1,2,0,0,0,0,0,22819
1003,1069,1069,South Park,/South-Park.html,23,44,13,20,3,24,2,3,5,5,0,26547
1004,1070,1070,Space Milkshake,/Space-Milkshake.html,1,1,3,2,0,1,0,1,0,2,0,18184
1005,1071,1071,Spanglish,/Spanglish.html,2,0,10,0,1,2,0,0,0,0,0,29203
1006,1072,1072,Spare Me,/Spare-Me.html,2,6,0,1,0,2,1,0,0,1,0,16831
1007,1073,1073,Spartan,/Spartan.html,2,14,0,4,0,1,0,1,0,0,0,30372
1008,1074,1074,Speed,/Speed.html,0,0,0,0,0,0,0,0,0,0,0,20
1009,1075,1075,Speed Racer,/Speed-Racer.html,0,0,1,0,0,6,0,0,0,0,0,29939
1010,1076,1076,Sphere,/Sphere.html,13,5,13,1,0,1,1,2,0,1,0,24193
1011,1077,1077,Spider-Man,/Spider-Man.html,1,0,6,0,1,1,0,0,0,0,0,26289
1012,1078,1078,St. Elmo's Fire,/St.-Elmo's-Fire.html,15,3,1,1,2,1,0,0,0,0,0,22465
1013,1079,1079,Star Trek,/Star-Trek.html,11,3,12,2,0,7,0,0,0,3,0,33222
1026,1092,1092,Starman,/Starman.html,9,0,4,1,1,2,0,0,0,1,0,30391
1027,1093,1093,Starship Troopers,/Starship-Troopers.html,0,0,0,2,0,2,0,0,0,0,0,24285
1028,1094,1094,State and Main,/State-and-Main.html,2,3,2,1,0,4,1,0,0,0,0,22953
1029,1095,1095,Station West,/Station-West.html,0,0,0,0,0,0,0,0,0,0,0,25705
1030,1096,1096,Stepmom,/Stepmom.html,7,4,5,3,2,2,3,0,0,0,0,28482
1031,1097,1097,"Sting, The","/Sting,-The.html",2,2,1,1,0,2,2,0,0,2,0,26434
1032,1098,1098,Stir of Echoes,/Stir-of-Echoes.html,10,11,3,3,3,5,0,0,0,0,0,26515
1033,1099,1099,Storytelling,/Storytelling.html,5,19,1,2,0,2,0,0,0,0,0,9125
1034,1100,1100,Straight Outta Compton,/Straight-Outta-Compton.html,150,96,20,6,2,35,4,7,0,11,0,33230
1035,1101,1101,Strange Days,/Strange-Days.html,31,13,6,6,2,7,0,1,0,1,0,36167
1036,1102,1102,Strangers on a Train,/Strangers-on-a-Train.html,0,0,0,0,0,0,0,0,0,0,0,29058
1037,1103,1103,"Stuntman, The","/Stuntman,-The.html",12,3,10,16,2,23,1,0,2,7,1,34601
1038,1104,1104,Sugar,/Sugar.html,14,5,2,0,2,0,0,0,1,0,0,25027
1039,1105,1105,Sugar and Spice,/Sugar-and-Spice.html,27,6,1,5,0,19,1,0,0,1,0,18508
1040,1106,1106,Sunset Blvd.,/Sunset-Blvd..html,0,0,0,0,0,0,0,0,0,0,0,24598
1041,1107,1107,Sunshine Cleaning,/Sunshine-Cleaning.html,17,5,5,0,1,4,1,1,0,7,0,22711
1042,1108,1108,Super 8,/Super-8.html,19,2,3,1,2,4,2,4,0,0,1,26518
1043,1109,1109,Superbad,/Superbad.html,67,51,2,6,5,21,19,10,3,3,3,23919
1044,1110,1110,Superfights,/Superfights.html,0,0,0,0,0,0,0,0,0,0,0,19
1045,1111,1111,Supergirl,/Supergirl.html,0,0,0,1,0,1,0,0,0,0,0,26289
1046,1112,1112,"Surfer King, The","/Surfer-King,-The.html",0,0,0,0,0,0,3,0,0,0,0,21311
1047,1113,1113,Surrogates,/Surrogates.html,1,0,5,1,2,5,0,0,0,1,0,24929
1048,1114,1114,Suspect Zero,/Suspect-Zero.html,11,13,2,0,2,2,0,0,0,0,0,30652
1050,1116,1116,"Sweet Hereafter, The","/Sweet-Hereafter,-The.html",1,1,0,0,0,0,0,0,0,1,0,17486
1051,1117,1117,Sweet Smell of Success,/Sweet-Smell-of-Success.html,0,0,0,0,0,0,0,0,0,0,0,37942
1052,1118,1118,Swingers,/Swingers.html,22,9,2,26,12,4,3,0,0,0,0,17915
1053,1119,1119,Swordfish,/Swordfish.html,16,14,1,2,1,10,2,0,2,0,0,20964
1054,1120,1120,"Synecdoche, New York","/Synecdoche,-New-York.html",5,19,0,0,1,4,0,2,0,0,0,28291
1055,1121,1121,Syriana,/Syriana.html,12,8,2,0,1,3,0,0,0,0,0,29622
1056,1122,1122,Take Shelter,/Take-Shelter.html,11,1,1,0,0,1,0,0,0,0,0,20887
1057,1123,1123,Taking Lives,/Taking-Lives.html,11,5,2,2,3,3,2,0,0,0,0,22071
1058,1124,1124,"Taking of Pelham One Two Three, The","/Taking-of-Pelham-One-Two-Three,-The.html",17,6,3,2,1,7,0,0,0,6,0,29980
1059,1125,1125,Taking Sides,/Taking-Sides.html,4,3,0,0,0,0,1,0,0,2,0,15737
1060,1126,1126,"Talented Mr. Ripley, The","/Talented-Mr.-Ripley,-The.html",0,2,1,0,0,2,4,0,1,2,0,21555
1061,1127,1127,Tall in the Saddle,/Tall-in-the-Saddle.html,0,0,0,0,0,0,0,0,0,0,0,30789
1062,1128,1128,Tamara Drewe,/Tamara-Drewe.html,11,22,1,2,2,0,1,0,2,5,0,24297
1063,1129,1129,Taxi Driver,/Taxi-Driver.html,8,13,7,2,2,2,0,3,1,1,0,25631
1064,1130,1130,Ted,/Ted.html,39,31,0,1,11,8,2,1,4,2,1,27892
1065,1131,1131,Terminator,/Terminator.html,4,6,2,1,3,1,0,0,0,2,0,29281
1067,1133,1133,Terminator Salvation,/Terminator-Salvation.html,5,2,4,1,0,3,0,0,0,0,0,25096
1069,1135,1135,Thelma & Louise,/Thelma-&-Louise.html,43,5,10,5,6,9,2,0,1,0,0,25343
1070,1136,1136,"Theory of Everything, The","/Theory-of-Everything,-The.html",0,0,1,0,0,0,0,0,0,1,0,20119
1071,1137,1137,There's Something About Mary,/There's-Something-About-Mary.html,21,23,2,4,2,7,2,2,3,0,0,23732
1072,1138,1138,They,/They.html,7,3,3,0,0,3,0,0,0,0,0,23317
1073,1139,1139,"Thing, The","/Thing,-The.html",9,4,22,1,0,6,0,0,0,3,0,23062
1074,1140,1140,"Things My Father Never Taught Me, The","/Things-My-Father-Never-Taught-Me,-The.html",0,0,0,0,0,0,0,0,0,0,0,1616
1075,1141,1141,Thirteen Days,/Thirteen-Days.html,12,0,5,0,1,9,0,0,0,2,0,34918
1076,1142,1142,This Boy's Life,/This-Boy's-Life.html,10,9,11,2,0,6,2,6,0,1,0,27551
1077,1143,1143,This is 40,/This-is-40.html,14,36,6,6,7,7,13,1,0,0,0,24032
1078,1144,1144,Thor,/Thor.html,0,0,1,0,0,1,0,0,0,2,0,32066
1079,1145,1145,Thor Ragnarok,/Thor-Ragnarok.html,3,0,2,1,0,7,0,0,0,0,0,26783
1080,1146,1146,Three Kings,/Three-Kings.html,17,18,3,1,0,14,4,0,0,0,0,26367
1081,1147,1147,Three Kings (Spoils of War),/Three-Kings-(Spoils-of-War).html,4,2,9,6,0,9,0,2,0,2,0,26812
1082,1148,1148,Three Men and a Baby,/Three-Men-and-a-Baby.html,34,2,10,6,8,20,0,0,0,2,0,29591
1083,1149,1149,"Three Musketeers, The","/Three-Musketeers,-The.html",0,0,2,0,0,0,0,0,0,0,0,29997
1084,1150,1150,Thunderbirds,/Thunderbirds.html,0,0,2,0,0,1,0,0,0,0,0,12433
1085,1151,1151,Thunderheart,/Thunderheart.html,19,12,5,1,1,10,0,0,0,0,0,31283
1086,1152,1152,Ticker,/Ticker.html,11,10,2,2,1,0,0,2,0,1,0,16061
1087,1153,1153,Timber Falls,/Timber-Falls.html,6,19,4,3,2,3,0,0,0,1,0,22026
1088,1154,1154,"Time Machine, The","/Time-Machine,-The.html",0,0,0,0,0,0,0,0,0,0,0,24122
1089,1155,1155,Tin Cup,/Tin-Cup.html,16,7,11,1,2,21,1,2,0,1,0,27495
1090,1156,1156,Tin Men,/Tin-Men.html,10,8,11,14,4,11,0,0,0,0,0,32194
1091,1157,1157,Tinker Tailor Soldier Spy,/Tinker-Tailor-Soldier-Spy.html,0,3,10,0,0,0,0,0,0,1,0,26724
1092,1158,1158,Titanic,/Titanic.html,9,0,7,1,0,1,0,0,0,4,0,44596
1093,1159,1159,TMNT,/TMNT.html,0,0,0,0,0,4,0,0,1,0,0,23482
1094,1160,1160,To Sleep with Anger,/To-Sleep-with-Anger.html,0,0,9,0,0,5,0,0,0,0,0,23779
1095,1161,1161,Tombstone,/Tombstone.html,1,0,23,5,0,4,1,0,0,4,0,31705
1096,1162,1162,Tomorrow Never Dies,/Tomorrow-Never-Dies.html,0,0,5,0,0,1,0,0,0,3,0,34361
1097,1163,1163,Top Gun,/Top-Gun.html,14,0,5,5,1,2,0,0,0,0,0,25428
1098,1164,1164,Total Recall,/Total-Recall.html,4,2,0,0,0,0,0,0,1,3,0,19750
1099,1165,1165,"Tourist, The","/Tourist,-The.html",3,0,0,0,0,0,0,0,0,0,0,19474
1100,1166,1166,Toy Story,/Toy-Story.html,0,0,0,0,0,0,0,0,0,0,0,22506
1101,1167,1167,Traffic,/Traffic.html,12,22,3,0,1,1,0,0,0,0,0,30910
1102,1168,1168,Training Day,/Training-Day.html,91,49,4,11,5,34,5,2,0,1,0,21170
1103,1169,1169,Trainspotting,/Trainspotting.html,5,25,0,0,0,0,1,1,0,3,0,17871
1105,1171,1171,Tremors,/Tremors.html,8,4,28,8,4,15,0,0,0,5,0,25893
1106,1172,1172,Tristan and Isolde,/Tristan-and-Isolde.html,0,0,0,0,0,0,0,0,0,0,0,8180
1107,1173,1173,TRON,/TRON.html,0,0,2,0,0,0,0,0,0,0,0,25368
1109,1175,1175,Tropic Thunder,/Tropic-Thunder.html,23,18,1,4,1,20,1,4,1,3,0,22428
1111,1177,1177,True Grit,/True-Grit.html,0,0,6,3,0,1,1,0,1,1,0,25570
1112,1178,1178,True Lies,/True-Lies.html,13,1,4,14,0,2,0,1,0,1,0,31951
1113,1179,1179,True Romance,/True-Romance.html,57,50,2,13,8,35,182,21,0,1,1,28059
1114,1180,1180,"Truman Show, The","/Truman-Show,-The.html",3,7,5,0,0,0,0,0,0,0,0,29975
1115,1181,1181,Twilight,/Twilight.html,0,0,0,0,0,1,0,1,0,0,0,22892
1117,1183,1183,Twin Peaks,/Twin-Peaks.html,5,1,9,0,0,1,0,0,0,0,0,25029
1118,1184,1184,Twins,/Twins.html,12,1,3,1,2,1,0,0,0,0,0,24666
1119,1185,1185,Two For The Money,/Two-For-The-Money.html,20,51,5,5,6,11,0,0,1,2,0,27812
1120,1186,1186,U Turn,/U-Turn.html,24,28,11,10,5,13,1,5,0,3,0,28503
1121,1187,1187,"Ugly Truth, The","/Ugly-Truth,-The.html",8,8,1,3,0,7,1,2,7,0,0,22685
1122,1188,1188,Un Singe en Hiver,/Un-Singe-en-Hiver.html,0,0,0,0,0,0,0,0,0,0,0,33357
1123,1189,1189,Unbreakable,/Unbreakable.html,4,0,2,1,0,3,0,0,0,0,0,25129
1124,1190,1190,Under Fire,/Under-Fire.html,4,13,7,2,0,4,1,0,1,3,0,28487
1126,1192,1192,Unknown,/Unknown.html,1,1,3,1,0,0,0,0,0,0,0,27563
1127,1193,1193,Up,/Up.html,0,0,0,0,0,0,0,0,0,0,0,17679
1128,1194,1194,Up in the Air,/Up-in-the-Air.html,8,16,0,0,3,5,0,1,0,0,0,20947
1129,1195,1195,"Usual Suspects, The","/Usual-Suspects,-The.html",18,14,2,2,1,9,2,0,1,2,0,26118
1130,1196,1196,V for Vendetta,/V-for-Vendetta.html,2,5,7,1,0,1,0,0,1,7,0,26947
1132,1198,1198,Valkyrie,/Valkyrie.html,4,2,5,0,0,0,0,0,1,1,0,24870
1133,1199,1199,Vanilla Sky,/Vanilla-Sky.html,6,15,0,2,2,0,1,0,0,1,0,20840
1134,1200,1200,"Verdict, The","/Verdict,-The.html",2,4,3,0,0,3,5,0,0,0,0,22393
1135,1201,1201,Vertigo,/Vertigo.html,0,0,0,0,0,0,0,0,0,0,0,20
1136,1202,1202,Very Bad Things,/Very-Bad-Things.html,7,14,1,1,3,5,0,0,0,1,0,19312
1138,1204,1204,Virtuosity,/Virtuosity.html,9,1,1,8,2,4,0,0,0,1,0,27151
1139,1205,1205,"Visitor, The","/Visitor,-The.html",2,1,1,0,0,0,0,0,0,0,0,17313
1140,1206,1206,Wag the Dog,/Wag-the-Dog.html,5,20,0,0,0,1,3,0,0,0,0,28076
1141,1207,1207,"Walk to Remember, A","/Walk-to-Remember,-A.html",2,0,0,0,0,0,1,0,0,0,0,20152
1142,1208,1208,Walking Tall,/Walking-Tall.html,1,1,0,1,1,0,0,0,0,0,0,6989
1143,1209,1209,Wall Street,/Wall-Street.html,4,1,5,5,1,6,3,0,0,0,0,31607
1145,1211,1211,Wall-E,/Wall-E.html,0,0,0,0,0,0,0,0,0,0,0,18517
1146,1212,1212,Wanted,/Wanted.html,8,14,12,4,0,10,1,0,1,2,0,24968
1147,1213,1213,War for the Planet of the Apes,/War-for-the-Planet-of-the-Apes.html,1,0,0,0,0,0,0,0,2,0,0,31195
1148,1214,1214,War Horse,/War-Horse.html,0,0,2,0,0,0,0,0,0,2,0,25438
1149,1215,1215,War of the Worlds,/War-of-the-Worlds.html,10,0,5,0,1,2,1,0,0,0,0,17205
1150,1216,1216,Warm Springs,/Warm-Springs.html,0,0,6,3,0,0,0,0,0,1,0,21977
1151,1217,1217,Warrior,/Warrior.html,13,1,1,0,0,1,5,0,2,0,0,24349
1152,1218,1218,Watchmen,/Watchmen.html,4,0,8,2,3,0,1,0,0,2,0,28245
1153,1219,1219,Water for Elephants,/Water-for-Elephants.html,7,0,5,0,0,3,7,0,0,0,0,29466
1154,1220,1220,"Way Back, The","/Way-Back,-The.html",3,1,4,0,0,0,0,0,0,2,0,26136
1155,1221,1221,We Own the Night,/We-Own-the-Night.html,12,11,0,0,0,5,2,3,0,0,0,32315
1157,1223,1223,What Lies Beneath,/What-Lies-Beneath.html,3,1,1,2,0,3,0,0,0,0,0,19511
1158,1224,1224,When a Stranger Calls,/When-a-Stranger-Calls.html,0,0,1,0,0,0,0,0,0,0,0,20091
1159,1225,1225,When Harry Met Sally,/When-Harry-Met-Sally.html,0,0,0,0,0,0,0,0,0,0,0,23
1160,1226,1226,While She Was Out,/While-She-Was-Out.html,14,5,4,12,2,11,1,5,0,2,0,23387
1161,1227,1227,"Whistleblower, The","/Whistleblower,-The.html",3,13,1,1,0,1,0,1,0,0,0,26838
1162,1228,1228,White Christmas,/White-Christmas.html,0,0,0,0,0,0,0,0,0,0,0,16943
1163,1229,1229,White Jazz,/White-Jazz.html,15,21,8,2,3,11,6,1,2,0,0,27489
1164,1230,1230,"White Ribbon, The","/White-Ribbon,-The.html",0,0,2,0,0,0,0,0,1,1,0,29670
1165,1231,1231,White Squall,/White-Squall.html,9,3,7,7,0,1,2,0,0,2,0,28571
1166,1232,1232,Whiteout,/Whiteout.html,7,2,4,2,0,4,0,0,0,1,0,21920
1168,1234,1234,Who's Your Daddy,/Who's-Your-Daddy.html,4,3,1,0,0,6,4,0,0,2,0,22104
1169,1235,1235,Wild At Heart,/Wild-At-Heart.html,23,22,8,5,4,3,1,5,1,1,0,28486
1170,1236,1236,"Wild Bunch, The","/Wild-Bunch,-The.html",0,0,14,4,0,4,0,0,0,0,0,28857
1171,1237,1237,Wild Hogs,/Wild-Hogs.html,12,0,9,8,3,10,0,0,1,1,0,26527
1172,1238,1238,Wild Things,/Wild-Things.html,22,8,1,6,0,8,0,0,0,0,0,26205
1174,1240,1240,Wild Wild West,/Wild-Wild-West.html,4,1,9,0,0,9,0,0,0,1,0,29864
1175,1241,1241,Willow,/Willow.html,0,0,0,0,0,0,0,0,0,0,0,24080
1176,1242,1242,Win Win,/Win-Win.html,30,10,3,0,2,1,0,0,0,0,0,20729
1177,1243,1243,Wind Chill,/Wind-Chill.html,10,1,2,0,4,4,0,0,0,2,0,21630
1178,1244,1244,Withnail and I,/Withnail-and-I.html,1,6,0,1,0,0,0,0,0,16,0,14421
1179,1245,1245,Witness,/Witness.html,5,2,0,2,0,1,0,0,0,2,0,22932
1180,1246,1246,"Wizard of Oz, The","/Wizard-of-Oz,-The.html",0,0,0,0,0,0,0,0,0,0,0,30621
1181,1247,1247,"Wolf of Wall Street, The","/Wolf-of-Wall-Street,-The.html",32,58,0,3,3,10,4,3,6,0,1,31423
1182,1248,1248,Wonder Boys,/Wonder-Boys.html,10,4,2,1,0,2,2,0,0,1,0,25898
1183,1249,1249,"Woodsman, The","/Woodsman,-The.html",14,6,3,1,4,2,0,0,0,0,0,18020
1184,1250,1250,"World is not Enough, The","/World-is-not-Enough,-The.html",0,0,0,0,0,1,0,0,1,0,0,26520
1185,1251,1251,"Wrestler, The","/Wrestler,-The.html",23,15,3,2,5,14,1,1,0,0,0,22170
1187,1253,1253,X-Men,/X-Men.html,0,0,1,0,0,1,0,1,0,0,0,27706
1189,1255,1255,xXx,/xXx.html,12,0,8,4,0,10,1,0,0,2,0,25542
1190,1256,1256,Year One,/Year-One.html,4,0,2,0,1,7,1,0,1,0,0,24227
1191,1257,1257,Yes Man,/Yes-Man.html,9,2,0,2,2,0,1,0,0,0,0,22832
1192,1258,1258,You Can Count On Me,/You-Can-Count-On-Me.html,9,1,2,1,2,2,0,0,0,0,0,19340
1193,1259,1259,You've Got Mail,/You've-Got-Mail.html,5,4,1,1,1,1,1,0,0,0,0,25300
1194,1260,1260,Youth in Revolt,/Youth-in-Revolt.html,5,3,5,0,4,5,1,1,2,1,0,26709
1195,1261,1261,Zero Dark Thirty,/Zero-Dark-Thirty.html,3,14,1,1,1,3,1,0,0,0,0,22200
1196,1262,1262,Zerophilia,/Zerophilia.html,4,12,6,3,4,5,0,0,0,1,0,15061
1197,1263,1263,Zootopia,/Zootopia.html,0,0,0,0,0,0,0,0,0,0,0,20601
